Date,snp_close,nyse_close,djia_close,debt_gtrend,dow jones industrial_gtrend,economy_gtrend,money_gtrend,s&p 500_gtrend,bonds_gtrend,growth_gtrend,hedge_gtrend,investment_gtrend,stocks_gtrend,credit_gtrend,inflation_gtrend,portfolio_gtrend,profit_gtrend,revenue_gtrend
2014-01-02,1831.97998,10283.419922,16441.349609,8.0,1.0,7.0,100.0,1.0,39.0,72.0,14.0,58.0,46.0,100.0,2.0,3.0,3.0,5.0
2014-01-03,1831.369995,10296.769531,16469.990234,7.0,1.0,7.0,94.0,1.0,42.0,71.0,14.0,62.0,45.0,97.0,2.0,3.0,3.0,5.0
2014-01-06,1826.77002,10270.049805,16425.099609,9.0,1.0,8.0,94.0,1.0,42.0,80.0,17.0,65.0,40.0,91.0,2.0,3.0,4.0,5.0
2014-01-07,1837.880005,10327.330078,16530.939453,9.0,1.0,9.0,89.0,1.0,39.0,83.0,18.0,70.0,44.0,90.0,2.0,3.0,4.0,5.0
2014-01-08,1837.48999,10320.910156,16462.740234,9.0,1.0,9.0,87.0,1.0,42.0,85.0,17.0,70.0,51.0,90.0,2.0,3.0,4.0,5.0
2014-01-09,1838.130005,10325.740234,16444.759766,9.0,1.0,11.0,87.0,1.0,40.0,85.0,15.0,73.0,49.0,85.0,2.0,3.0,4.0,5.0
2014-01-10,1842.369995,10371.129883,16437.050781,8.0,1.0,9.0,86.0,1.0,35.0,81.0,14.0,66.0,50.0,90.0,2.0,3.0,3.0,5.0
2014-01-13,1819.199951,10256.150391,16257.94043,8.0,1.0,10.0,90.0,1.0,38.0,85.0,17.0,73.0,39.0,88.0,2.0,3.0,4.0,6.0
2014-01-14,1838.880005,10343.080078,16373.860352,9.0,1.0,10.0,88.0,1.0,44.0,89.0,14.0,74.0,46.0,89.0,2.0,3.0,4.0,6.0
2014-01-15,1848.380005,10385.389648,16481.939453,9.0,1.0,10.0,89.0,1.0,40.0,92.0,15.0,73.0,44.0,91.0,2.0,3.0,4.0,6.0
2014-01-16,1845.890015,10376.230469,16417.009766,9.0,1.0,11.0,88.0,1.0,39.0,87.0,16.0,73.0,47.0,89.0,2.0,3.0,4.0,6.0
2014-01-17,1838.699951,10343.459961,16458.560547,8.0,1.0,10.0,88.0,1.0,37.0,84.0,16.0,71.0,43.0,92.0,2.0,3.0,4.0,5.0
2014-01-21,1843.800049,10366.009766,16414.439453,9.0,1.0,10.0,88.0,1.0,39.0,90.0,17.0,74.0,46.0,87.0,2.0,3.0,4.0,6.0
2014-01-22,1844.859985,10368.889648,16373.339844,9.0,1.0,11.0,88.0,1.0,39.0,88.0,16.0,73.0,45.0,85.0,2.0,3.0,4.0,6.0
2014-01-23,1828.459961,10269.389648,16197.349609,9.0,1.0,10.0,90.0,1.0,40.0,88.0,16.0,69.0,45.0,85.0,2.0,3.0,4.0,6.0
2014-01-24,1790.290039,10034.44043,15879.110352,9.0,1.0,9.0,89.0,1.0,39.0,81.0,15.0,67.0,48.0,89.0,2.0,3.0,4.0,5.0
2014-01-27,1781.560059,9981.349609,15837.879883,10.0,1.0,11.0,93.0,1.0,37.0,88.0,17.0,73.0,46.0,86.0,2.0,3.0,4.0,6.0
2014-01-28,1792.5,10066.839844,15928.55957,10.0,1.0,11.0,89.0,1.0,37.0,89.0,17.0,72.0,45.0,88.0,2.0,3.0,4.0,6.0
2014-01-29,1774.199951,9962.919922,15738.790039,10.0,1.0,11.0,87.0,1.0,40.0,88.0,17.0,73.0,46.0,90.0,2.0,3.0,5.0,7.0
2014-01-30,1794.189941,10048.69043,15848.610352,9.0,1.0,11.0,91.0,1.0,40.0,86.0,16.0,73.0,47.0,89.0,2.0,4.0,4.0,7.0
2014-01-31,1782.589966,9967.650391,15698.849609,9.0,1.0,10.0,91.0,1.0,38.0,83.0,15.0,65.0,44.0,97.0,2.0,3.0,4.0,7.0
2014-02-03,1741.890015,9741.580078,15372.799805,9.0,1.0,10.0,93.0,1.0,45.0,88.0,15.0,71.0,43.0,89.0,2.0,3.0,4.0,7.0
2014-02-04,1755.199951,9816.969727,15445.240234,11.0,2.0,11.0,91.0,1.0,58.0,90.0,15.0,76.0,52.0,95.0,2.0,3.0,4.0,7.0
2014-02-05,1751.640015,9809.030273,15440.230469,10.0,1.0,11.0,85.0,1.0,56.0,90.0,14.0,73.0,47.0,91.0,2.0,3.0,4.0,7.0
2014-02-06,1773.430054,9940.219727,15628.530273,10.0,1.0,11.0,85.0,1.0,40.0,90.0,16.0,67.0,43.0,89.0,2.0,3.0,4.0,7.0
2014-02-07,1797.02002,10055.339844,15794.080078,9.0,1.0,10.0,87.0,1.0,38.0,80.0,15.0,68.0,43.0,92.0,2.0,3.0,4.0,7.0
2014-02-10,1799.839966,10050.400391,15801.790039,9.0,1.0,11.0,87.0,1.0,39.0,87.0,16.0,74.0,41.0,86.0,2.0,3.0,4.0,7.0
2014-02-11,1819.75,10170.370117,15994.769531,10.0,1.0,11.0,86.0,1.0,41.0,95.0,15.0,72.0,43.0,90.0,2.0,4.0,4.0,7.0
2014-02-12,1819.26001,10173.769531,15963.94043,12.0,1.0,11.0,89.0,1.0,39.0,88.0,15.0,73.0,44.0,85.0,2.0,3.0,4.0,7.0
2014-02-13,1829.829956,10228.580078,16027.589844,11.0,1.0,10.0,84.0,1.0,35.0,86.0,15.0,69.0,40.0,84.0,2.0,3.0,4.0,7.0
2014-02-14,1838.630005,10282.530273,16154.389648,8.0,1.0,9.0,82.0,1.0,32.0,73.0,15.0,63.0,40.0,85.0,2.0,3.0,3.0,6.0
2014-02-18,1840.76001,10319.120117,16130.400391,10.0,1.0,12.0,90.0,1.0,42.0,92.0,15.0,76.0,41.0,87.0,2.0,4.0,4.0,7.0
2014-02-19,1828.75,10254.240234,16040.55957,9.0,1.0,11.0,88.0,1.0,39.0,91.0,16.0,75.0,45.0,86.0,2.0,4.0,4.0,8.0
2014-02-20,1839.780029,10316.889648,16133.230469,9.0,1.0,11.0,88.0,1.0,39.0,90.0,16.0,74.0,43.0,86.0,2.0,3.0,5.0,8.0
2014-02-21,1836.25,10306.900391,16103.299805,9.0,1.0,10.0,87.0,1.0,36.0,86.0,15.0,68.0,42.0,83.0,2.0,3.0,4.0,7.0
2014-02-24,1847.609985,10369.519531,16207.139648,10.0,1.0,12.0,89.0,1.0,41.0,96.0,17.0,77.0,45.0,83.0,2.0,3.0,4.0,8.0
2014-02-25,1845.119995,10353.780273,16179.660156,10.0,1.0,12.0,89.0,1.0,40.0,98.0,17.0,79.0,46.0,86.0,2.0,3.0,5.0,7.0
2014-02-26,1845.160034,10349.959961,16198.410156,10.0,1.0,13.0,86.0,1.0,44.0,96.0,17.0,77.0,47.0,90.0,2.0,3.0,5.0,8.0
2014-02-27,1854.290039,10397.80957,16272.650391,10.0,1.0,11.0,90.0,1.0,40.0,95.0,17.0,75.0,47.0,89.0,2.0,4.0,4.0,7.0
2014-02-28,1859.449951,10425.860352,16321.709961,9.0,1.0,11.0,88.0,1.0,40.0,85.0,15.0,70.0,47.0,94.0,2.0,3.0,4.0,7.0
2014-03-03,1845.72998,10329.790039,16168.030273,9.0,1.0,12.0,93.0,1.0,54.0,91.0,17.0,70.0,44.0,92.0,2.0,3.0,4.0,7.0
2014-03-04,1873.910034,10489.969727,16395.880859,10.0,1.0,11.0,92.0,1.0,63.0,98.0,17.0,79.0,48.0,95.0,2.0,4.0,5.0,8.0
2014-03-05,1873.810059,10482.839844,16360.179688,9.0,1.0,11.0,88.0,1.0,58.0,93.0,15.0,77.0,49.0,88.0,2.0,3.0,4.0,7.0
2014-03-06,1877.030029,10525.519531,16421.890625,9.0,1.0,11.0,92.0,1.0,46.0,100.0,16.0,72.0,48.0,85.0,2.0,3.0,4.0,7.0
2014-03-07,1878.040039,10511.910156,16452.720703,8.0,1.0,10.0,89.0,1.0,42.0,88.0,18.0,68.0,47.0,87.0,2.0,3.0,4.0,6.0
2014-03-10,1877.170044,10486.150391,16418.679688,9.0,1.0,12.0,91.0,1.0,44.0,93.0,18.0,76.0,41.0,86.0,2.0,4.0,4.0,7.0
2014-03-11,1867.630005,10425.639648,16351.25,9.0,1.0,11.0,90.0,1.0,49.0,97.0,17.0,76.0,45.0,87.0,2.0,4.0,4.0,7.0
2014-03-12,1868.199951,10418.990234,16340.080078,9.0,1.0,11.0,86.0,1.0,41.0,94.0,15.0,74.0,45.0,86.0,2.0,3.0,4.0,7.0
2014-03-13,1846.339966,10297.740234,16108.889648,9.0,1.0,11.0,87.0,1.0,41.0,94.0,14.0,71.0,43.0,84.0,2.0,3.0,4.0,7.0
2014-03-14,1841.130005,10285.080078,16065.669922,8.0,1.0,9.0,84.0,1.0,34.0,79.0,16.0,65.0,42.0,88.0,2.0,3.0,4.0,6.0
2014-03-17,1858.829956,10377.019531,16247.219727,9.0,1.0,11.0,83.0,1.0,36.0,88.0,18.0,69.0,41.0,81.0,2.0,3.0,4.0,6.0
2014-03-18,1872.25,10441.450195,16336.19043,10.0,1.0,11.0,88.0,1.0,35.0,95.0,16.0,72.0,47.0,86.0,3.0,3.0,5.0,7.0
2014-03-19,1860.77002,10359.509766,16222.169922,10.0,1.0,11.0,87.0,1.0,45.0,93.0,15.0,73.0,44.0,80.0,3.0,3.0,5.0,7.0
2014-03-20,1872.01001,10400.700195,16331.049805,9.0,1.0,11.0,89.0,1.0,41.0,91.0,18.0,71.0,42.0,83.0,2.0,3.0,4.0,7.0
2014-03-21,1866.52002,10392.219727,16302.769531,8.0,1.0,10.0,84.0,1.0,36.0,86.0,16.0,63.0,40.0,82.0,2.0,3.0,4.0,6.0
2014-03-24,1857.439941,10362.05957,16276.69043,9.0,1.0,11.0,87.0,1.0,37.0,95.0,18.0,75.0,42.0,85.0,2.0,4.0,4.0,7.0
2014-03-25,1865.619995,10417.05957,16367.879883,10.0,1.0,11.0,89.0,1.0,36.0,94.0,17.0,76.0,42.0,83.0,2.0,4.0,4.0,7.0
2014-03-26,1852.560059,10359.360352,16268.990234,10.0,1.0,11.0,88.0,1.0,37.0,92.0,16.0,76.0,42.0,87.0,2.0,3.0,4.0,7.0
2014-03-27,1849.040039,10373.44043,16264.230469,9.0,1.0,10.0,86.0,1.0,37.0,92.0,16.0,72.0,40.0,84.0,2.0,3.0,5.0,7.0
2014-03-28,1857.619995,10434.870117,16323.05957,9.0,1.0,9.0,85.0,1.0,35.0,80.0,16.0,70.0,41.0,87.0,2.0,3.0,4.0,6.0
2014-03-31,1872.339966,10527.769531,16457.660156,9.0,1.0,11.0,87.0,1.0,39.0,95.0,18.0,76.0,39.0,87.0,2.0,4.0,4.0,8.0
2014-04-01,1885.52002,10584.30957,16532.609375,6.0,1.0,8.0,61.0,1.0,46.0,92.0,19.0,80.0,44.0,99.0,2.0,4.0,5.0,8.0
2014-04-02,1890.900024,10616.870117,16573.0,6.0,1.0,7.0,61.0,1.0,46.0,91.0,17.0,75.0,42.0,95.0,2.0,3.0,5.0,7.0
2014-04-03,1888.77002,10598.480469,16572.550781,6.0,1.0,8.0,62.0,1.0,49.0,92.0,16.0,72.0,42.0,91.0,2.0,3.0,5.0,7.0
2014-04-04,1865.089966,10517.049805,16412.710938,5.0,1.0,7.0,62.0,1.0,42.0,83.0,17.0,71.0,44.0,95.0,2.0,3.0,4.0,7.0
2014-04-07,1845.040039,10407.419922,16245.870117,6.0,1.0,8.0,63.0,1.0,41.0,91.0,19.0,75.0,38.0,92.0,2.0,3.0,4.0,8.0
2014-04-08,1851.959961,10452.009766,16256.139648,7.0,1.0,8.0,60.0,1.0,37.0,100.0,18.0,75.0,41.0,92.0,2.0,3.0,4.0,8.0
2014-04-09,1872.180054,10554.94043,16437.179688,7.0,1.0,7.0,60.0,1.0,38.0,94.0,18.0,74.0,41.0,92.0,2.0,3.0,5.0,8.0
2014-04-10,1833.079956,10366.80957,16170.219727,6.0,1.0,7.0,65.0,1.0,38.0,93.0,18.0,72.0,41.0,91.0,2.0,3.0,4.0,8.0
2014-04-11,1815.689941,10280.94043,16026.75,6.0,1.0,7.0,61.0,1.0,34.0,84.0,19.0,68.0,37.0,90.0,2.0,3.0,4.0,7.0
2014-04-14,1830.609985,10359.419922,16173.240234,6.0,1.0,8.0,64.0,1.0,35.0,86.0,20.0,69.0,37.0,94.0,2.0,3.0,4.0,11.0
2014-04-15,1842.97998,10401.980469,16262.55957,7.0,1.0,7.0,62.0,1.0,38.0,93.0,18.0,74.0,37.0,97.0,2.0,3.0,5.0,12.0
2014-04-16,1862.310059,10505.790039,16424.849609,6.0,1.0,7.0,61.0,1.0,35.0,90.0,18.0,74.0,37.0,92.0,2.0,3.0,5.0,8.0
2014-04-17,1864.849976,10532.830078,16408.539062,6.0,1.0,7.0,62.0,1.0,34.0,87.0,19.0,65.0,39.0,90.0,2.0,3.0,4.0,7.0
2014-04-21,1871.890015,10559.349609,16449.25,6.0,1.0,7.0,64.0,1.0,34.0,93.0,17.0,64.0,39.0,80.0,2.0,3.0,4.0,6.0
2014-04-22,1879.550049,10599.019531,16514.369141,7.0,1.0,8.0,62.0,1.0,34.0,96.0,20.0,75.0,38.0,94.0,2.0,3.0,5.0,7.0
2014-04-23,1875.390015,10581.889648,16501.650391,8.0,1.0,8.0,62.0,1.0,39.0,95.0,18.0,73.0,38.0,90.0,2.0,4.0,5.0,7.0
2014-04-24,1878.609985,10575.910156,16501.650391,7.0,1.0,8.0,60.0,0.0,37.0,97.0,18.0,70.0,38.0,89.0,2.0,4.0,4.0,7.0
2014-04-25,1863.400024,10505.009766,16361.459961,6.0,1.0,7.0,60.0,1.0,33.0,84.0,17.0,67.0,38.0,92.0,2.0,3.0,4.0,6.0
2014-04-28,1869.430054,10526.519531,16448.740234,7.0,1.0,7.0,60.0,0.0,37.0,97.0,17.0,75.0,36.0,92.0,2.0,4.0,5.0,7.0
2014-04-29,1878.329956,10583.650391,16535.369141,7.0,1.0,8.0,62.0,1.0,36.0,97.0,17.0,70.0,37.0,92.0,2.0,4.0,5.0,8.0
2014-04-30,1883.949951,10627.169922,16580.839844,7.0,1.0,8.0,63.0,1.0,39.0,94.0,18.0,70.0,38.0,93.0,2.0,3.0,4.0,8.0
2014-05-01,1883.680054,10629.339844,16558.869141,6.0,1.0,9.0,66.0,1.0,43.0,97.0,20.0,67.0,37.0,92.0,2.0,3.0,4.0,7.0
2014-05-02,1881.140015,10629.990234,16512.890625,6.0,1.0,7.0,62.0,0.0,41.0,86.0,20.0,64.0,34.0,100.0,2.0,3.0,4.0,6.0
2014-05-05,1884.660034,10630.139648,16530.550781,6.0,1.0,8.0,62.0,0.0,44.0,94.0,19.0,69.0,34.0,95.0,2.0,3.0,4.0,6.0
2014-05-06,1867.719971,10568.679688,16401.019531,7.0,1.0,8.0,62.0,1.0,39.0,94.0,20.0,73.0,37.0,95.0,2.0,4.0,4.0,7.0
2014-05-07,1878.209961,10626.839844,16518.539062,6.0,1.0,8.0,60.0,1.0,36.0,94.0,21.0,76.0,36.0,90.0,2.0,4.0,4.0,6.0
2014-05-08,1875.630005,10610.650391,16550.970703,7.0,1.0,8.0,60.0,0.0,38.0,94.0,19.0,74.0,36.0,78.0,2.0,3.0,4.0,6.0
2014-05-09,1878.47998,10606.69043,16583.339844,6.0,1.0,7.0,60.0,0.0,33.0,84.0,19.0,64.0,33.0,90.0,2.0,3.0,3.0,6.0
2014-05-12,1896.650024,10703.5,16695.470703,6.0,1.0,8.0,60.0,1.0,32.0,91.0,18.0,69.0,34.0,90.0,2.0,3.0,4.0,6.0
2014-05-13,1897.449951,10702.860352,16715.439453,6.0,1.0,8.0,63.0,1.0,36.0,88.0,18.0,74.0,36.0,91.0,2.0,4.0,4.0,6.0
2014-05-14,1888.530029,10656.120117,16613.970703,7.0,1.0,8.0,59.0,1.0,36.0,88.0,19.0,71.0,35.0,87.0,2.0,4.0,4.0,6.0
2014-05-15,1870.849976,10568.370117,16446.810547,6.0,1.0,8.0,60.0,1.0,32.0,86.0,19.0,69.0,34.0,90.0,2.0,3.0,4.0,6.0
2014-05-16,1877.859985,10603.179688,16491.310547,6.0,1.0,7.0,62.0,0.0,29.0,78.0,19.0,62.0,33.0,88.0,2.0,3.0,4.0,5.0
2014-05-19,1885.079956,10618.639648,16511.859375,6.0,1.0,7.0,63.0,0.0,34.0,89.0,19.0,71.0,35.0,87.0,2.0,3.0,4.0,5.0
2014-05-20,1872.829956,10541.950195,16374.30957,6.0,1.0,8.0,62.0,1.0,33.0,89.0,21.0,69.0,37.0,89.0,2.0,3.0,4.0,6.0
2014-05-21,1888.030029,10620.44043,16533.060547,6.0,1.0,7.0,59.0,0.0,33.0,85.0,21.0,74.0,34.0,85.0,2.0,3.0,4.0,6.0
2014-05-22,1892.48999,10644.519531,16543.080078,6.0,1.0,7.0,61.0,1.0,34.0,83.0,20.0,68.0,34.0,83.0,2.0,3.0,4.0,6.0
2014-05-23,1900.530029,10681.870117,16606.269531,5.0,0.0,6.0,59.0,0.0,28.0,78.0,19.0,60.0,33.0,87.0,2.0,3.0,3.0,5.0
2014-05-27,1911.910034,10720.620117,16675.5,6.0,1.0,8.0,60.0,1.0,31.0,81.0,18.0,71.0,33.0,94.0,2.0,4.0,4.0,6.0
2014-05-28,1909.780029,10702.730469,16633.179688,6.0,0.0,7.0,62.0,1.0,33.0,84.0,18.0,69.0,35.0,90.0,2.0,4.0,4.0,6.0
2014-05-29,1920.030029,10752.110352,16698.740234,6.0,1.0,7.0,62.0,1.0,34.0,82.0,19.0,66.0,38.0,81.0,2.0,4.0,4.0,6.0
2014-05-30,1923.569946,10756.30957,16717.169922,5.0,1.0,7.0,61.0,1.0,31.0,79.0,20.0,60.0,32.0,91.0,2.0,3.0,3.0,5.0
2014-06-02,1924.969971,10772.009766,16743.630859,5.0,0.0,7.0,64.0,1.0,39.0,84.0,20.0,66.0,32.0,95.0,2.0,3.0,4.0,5.0
2014-06-03,1924.23999,10770.330078,16722.339844,6.0,1.0,7.0,65.0,1.0,45.0,85.0,20.0,73.0,33.0,93.0,2.0,3.0,4.0,6.0
2014-06-04,1927.880005,10776.780273,16737.529297,6.0,0.0,7.0,62.0,0.0,47.0,85.0,19.0,66.0,33.0,88.0,2.0,3.0,4.0,5.0
2014-06-05,1940.459961,10847.69043,16836.109375,6.0,0.0,7.0,61.0,0.0,36.0,83.0,20.0,67.0,32.0,92.0,2.0,3.0,4.0,6.0
2014-06-06,1949.439941,10904.219727,16924.279297,5.0,1.0,6.0,59.0,1.0,34.0,76.0,17.0,61.0,34.0,88.0,2.0,3.0,4.0,5.0
2014-06-09,1951.27002,10918.620117,16943.099609,7.0,0.0,7.0,62.0,1.0,36.0,85.0,20.0,70.0,35.0,82.0,2.0,3.0,4.0,6.0
2014-06-10,1950.790039,10914.200195,16945.919922,6.0,1.0,6.0,61.0,1.0,38.0,86.0,18.0,73.0,37.0,92.0,2.0,3.0,4.0,6.0
2014-06-11,1943.890015,10872.69043,16843.880859,6.0,1.0,6.0,60.0,1.0,33.0,84.0,21.0,67.0,32.0,88.0,2.0,3.0,4.0,6.0
2014-06-12,1930.109985,10825.030273,16734.189453,6.0,1.0,6.0,58.0,1.0,30.0,80.0,20.0,69.0,34.0,84.0,2.0,3.0,4.0,6.0
2014-06-13,1936.160034,10856.219727,16775.740234,5.0,0.0,6.0,59.0,0.0,29.0,72.0,18.0,60.0,29.0,87.0,1.0,3.0,4.0,5.0
2014-06-16,1937.780029,10863.219727,16781.009766,5.0,0.0,6.0,60.0,0.0,30.0,78.0,20.0,64.0,27.0,86.0,2.0,3.0,3.0,6.0
2014-06-17,1941.98999,10886.009766,16808.490234,5.0,1.0,7.0,62.0,1.0,32.0,79.0,19.0,68.0,29.0,90.0,2.0,3.0,4.0,6.0
2014-06-18,1956.97998,10975.540039,16906.619141,6.0,1.0,6.0,61.0,0.0,33.0,81.0,20.0,69.0,31.0,84.0,2.0,3.0,4.0,6.0
2014-06-19,1959.47998,11003.080078,16921.460938,5.0,1.0,6.0,59.0,1.0,29.0,76.0,20.0,67.0,36.0,86.0,2.0,3.0,4.0,6.0
2014-06-20,1962.869995,11018.110352,16947.080078,5.0,1.0,6.0,63.0,1.0,29.0,72.0,19.0,61.0,30.0,86.0,1.0,3.0,3.0,5.0
2014-06-23,1962.609985,11014.089844,16937.259766,6.0,0.0,5.0,66.0,1.0,30.0,80.0,22.0,67.0,31.0,86.0,2.0,3.0,4.0,6.0
2014-06-24,1949.97998,10921.990234,16818.130859,6.0,1.0,6.0,64.0,1.0,28.0,77.0,19.0,69.0,31.0,89.0,2.0,3.0,4.0,6.0
2014-06-25,1959.530029,10962.870117,16867.509766,6.0,1.0,7.0,64.0,0.0,31.0,81.0,18.0,67.0,32.0,88.0,2.0,3.0,4.0,5.0
2014-06-26,1957.219971,10949.450195,16846.130859,5.0,1.0,6.0,61.0,1.0,27.0,81.0,17.0,64.0,30.0,85.0,1.0,3.0,3.0,5.0
2014-06-27,1960.959961,10974.429688,16851.839844,5.0,1.0,5.0,65.0,0.0,27.0,72.0,19.0,60.0,29.0,92.0,1.0,3.0,3.0,5.0
2014-06-30,1960.22998,10979.419922,16826.599609,5.0,1.0,6.0,100.0,1.0,32.0,76.0,21.0,69.0,27.0,95.0,1.0,3.0,4.0,5.0
2014-07-01,1973.319946,11046.610352,16956.070312,7.0,1.0,8.0,100.0,1.0,36.0,74.0,20.0,69.0,32.0,92.0,2.0,3.0,3.0,5.0
2014-07-02,1974.619995,11050.339844,16976.240234,8.0,1.0,8.0,97.0,1.0,41.0,81.0,20.0,70.0,34.0,91.0,1.0,3.0,3.0,5.0
2014-07-03,1985.439941,11104.719727,17068.259766,8.0,1.0,8.0,95.0,1.0,40.0,78.0,19.0,65.0,30.0,92.0,1.0,3.0,3.0,5.0
2014-07-07,1977.650024,11035.80957,17024.210938,7.0,1.0,8.0,94.0,1.0,31.0,81.0,21.0,72.0,33.0,91.0,2.0,3.0,3.0,5.0
2014-07-08,1963.709961,10963.160156,16906.619141,8.0,1.0,8.0,91.0,1.0,31.0,82.0,18.0,70.0,32.0,92.0,1.0,3.0,4.0,5.0
2014-07-09,1972.829956,11005.5,16985.609375,8.0,1.0,8.0,89.0,1.0,31.0,81.0,18.0,69.0,30.0,89.0,1.0,3.0,4.0,6.0
2014-07-10,1964.680054,10941.339844,16915.070312,8.0,1.0,8.0,90.0,1.0,30.0,82.0,19.0,71.0,32.0,88.0,1.0,3.0,4.0,5.0
2014-07-11,1967.569946,10936.349609,16943.810547,8.0,1.0,8.0,89.0,1.0,26.0,73.0,19.0,61.0,31.0,89.0,1.0,3.0,3.0,5.0
2014-07-14,1977.099976,10991.469727,17055.419922,8.0,1.0,9.0,89.0,1.0,32.0,80.0,21.0,68.0,31.0,79.0,1.0,3.0,3.0,6.0
2014-07-15,1973.280029,10965.629883,17060.679688,9.0,1.0,7.0,89.0,1.0,33.0,79.0,20.0,74.0,34.0,93.0,2.0,3.0,4.0,6.0
2014-07-16,1981.569946,11017.870117,17138.199219,9.0,1.0,8.0,88.0,1.0,33.0,85.0,20.0,74.0,32.0,88.0,2.0,3.0,4.0,5.0
2014-07-17,1958.119995,10890.44043,16976.810547,8.0,1.0,8.0,88.0,1.0,28.0,77.0,20.0,68.0,34.0,85.0,2.0,3.0,4.0,5.0
2014-07-18,1978.219971,10985.919922,17100.179688,7.0,1.0,8.0,86.0,1.0,28.0,71.0,20.0,64.0,32.0,87.0,1.0,2.0,3.0,5.0
2014-07-21,1973.630005,10957.669922,17051.730469,8.0,1.0,8.0,90.0,1.0,30.0,83.0,20.0,69.0,30.0,88.0,1.0,3.0,4.0,6.0
2014-07-22,1983.530029,11016.240234,17113.539062,8.0,1.0,8.0,90.0,1.0,31.0,80.0,21.0,74.0,35.0,87.0,1.0,3.0,3.0,5.0
2014-07-23,1987.01001,11023.900391,17086.630859,9.0,1.0,7.0,87.0,1.0,29.0,84.0,20.0,70.0,33.0,83.0,2.0,3.0,4.0,5.0
2014-07-24,1987.97998,11038.55957,17083.800781,8.0,1.0,8.0,86.0,1.0,31.0,83.0,19.0,76.0,34.0,87.0,2.0,3.0,4.0,5.0
2014-07-25,1978.339966,10985.80957,16960.570312,7.0,1.0,8.0,89.0,1.0,30.0,74.0,18.0,62.0,29.0,88.0,1.0,2.0,3.0,5.0
2014-07-28,1978.910034,10987.240234,16982.589844,8.0,1.0,8.0,91.0,1.0,32.0,79.0,22.0,67.0,30.0,94.0,1.0,3.0,3.0,5.0
2014-07-29,1969.949951,10936.700195,16912.109375,9.0,1.0,8.0,89.0,1.0,30.0,82.0,21.0,71.0,31.0,94.0,1.0,3.0,4.0,5.0
2014-07-30,1970.069946,10929.790039,16880.359375,9.0,1.0,9.0,90.0,1.0,29.0,82.0,23.0,72.0,32.0,91.0,1.0,3.0,4.0,6.0
2014-07-31,1930.670044,10726.429688,16563.300781,9.0,1.0,9.0,87.0,1.0,32.0,76.0,22.0,71.0,33.0,94.0,2.0,3.0,4.0,6.0
2014-08-01,1925.150024,10692.169922,16493.369141,7.0,2.0,7.0,87.0,1.0,36.0,75.0,21.0,65.0,31.0,99.0,1.0,3.0,3.0,5.0
2014-08-04,1938.98999,10766.679688,16569.279297,8.0,1.0,8.0,91.0,1.0,50.0,78.0,21.0,68.0,32.0,91.0,1.0,3.0,3.0,4.0
2014-08-05,1920.209961,10657.320312,16429.470703,9.0,1.0,9.0,93.0,1.0,45.0,83.0,21.0,78.0,33.0,100.0,2.0,3.0,4.0,5.0
2014-08-06,1920.23999,10653.419922,16443.339844,8.0,1.0,8.0,89.0,1.0,34.0,80.0,20.0,71.0,32.0,89.0,1.0,3.0,4.0,5.0
2014-08-07,1909.569946,10583.790039,16368.269531,7.0,1.0,9.0,87.0,1.0,31.0,82.0,19.0,71.0,30.0,89.0,2.0,3.0,3.0,5.0
2014-08-08,1931.589966,10691.099609,16553.929688,8.0,1.0,8.0,88.0,1.0,30.0,72.0,20.0,63.0,28.0,94.0,1.0,2.0,3.0,5.0
2014-08-11,1936.920044,10722.790039,16569.980469,8.0,1.0,9.0,90.0,1.0,31.0,82.0,18.0,70.0,30.0,88.0,1.0,3.0,3.0,5.0
2014-08-12,1933.75,10705.780273,16560.539062,8.0,1.0,9.0,83.0,1.0,29.0,82.0,18.0,75.0,32.0,86.0,2.0,3.0,4.0,5.0
2014-08-13,1946.719971,10756.179688,16651.800781,8.0,1.0,9.0,87.0,1.0,30.0,79.0,20.0,72.0,31.0,85.0,2.0,3.0,4.0,5.0
2014-08-14,1955.180054,10802.629883,16713.580078,8.0,1.0,9.0,84.0,1.0,32.0,74.0,19.0,69.0,29.0,86.0,2.0,3.0,4.0,5.0
2014-08-15,1955.060059,10796.040039,16662.910156,8.0,1.0,8.0,85.0,1.0,31.0,72.0,19.0,58.0,32.0,85.0,1.0,3.0,3.0,4.0
2014-08-18,1971.73999,10886.509766,16838.740234,8.0,1.0,9.0,88.0,1.0,32.0,81.0,19.0,74.0,29.0,90.0,2.0,3.0,3.0,5.0
2014-08-19,1981.599976,10929.660156,16919.589844,8.0,1.0,9.0,88.0,1.0,30.0,81.0,19.0,70.0,33.0,88.0,2.0,3.0,4.0,5.0
2014-08-20,1986.51001,10949.480469,16979.130859,9.0,1.0,9.0,88.0,1.0,33.0,82.0,18.0,70.0,34.0,87.0,2.0,3.0,3.0,5.0
2014-08-21,1992.369995,10982.830078,17039.490234,8.0,1.0,9.0,90.0,1.0,31.0,81.0,18.0,72.0,32.0,88.0,2.0,3.0,4.0,5.0
2014-08-22,1988.400024,10947.330078,17001.220703,7.0,1.0,9.0,88.0,1.0,31.0,80.0,19.0,64.0,32.0,87.0,2.0,3.0,3.0,4.0
2014-08-25,1997.920044,11005.360352,17076.869141,7.0,1.0,8.0,84.0,1.0,31.0,82.0,18.0,66.0,30.0,85.0,1.0,3.0,4.0,5.0
2014-08-26,2000.02002,11025.370117,17106.699219,8.0,1.0,10.0,88.0,1.0,32.0,84.0,19.0,70.0,33.0,88.0,1.0,3.0,4.0,5.0
2014-08-27,2000.119995,11037.889648,17122.009766,8.0,1.0,10.0,86.0,1.0,33.0,81.0,19.0,73.0,32.0,88.0,2.0,3.0,4.0,5.0
2014-08-28,1996.73999,11009.700195,17079.570312,8.0,1.0,10.0,89.0,1.0,33.0,84.0,18.0,67.0,31.0,86.0,2.0,3.0,4.0,5.0
2014-08-29,2003.369995,11046.290039,17098.449219,7.0,1.0,9.0,85.0,1.0,31.0,78.0,16.0,61.0,30.0,93.0,1.0,3.0,3.0,4.0
2014-09-02,2002.280029,11038.120117,17067.560547,8.0,1.0,10.0,86.0,1.0,43.0,91.0,16.0,72.0,32.0,96.0,2.0,3.0,4.0,5.0
2014-09-03,2000.719971,11063.549805,17078.279297,9.0,1.0,10.0,86.0,1.0,48.0,90.0,19.0,70.0,34.0,94.0,2.0,3.0,4.0,5.0
2014-09-04,1997.650024,11030.400391,17069.580078,8.0,1.0,10.0,86.0,1.0,43.0,89.0,19.0,78.0,32.0,91.0,2.0,3.0,4.0,5.0
2014-09-05,2007.709961,11073.410156,17137.359375,7.0,1.0,10.0,84.0,1.0,37.0,82.0,19.0,65.0,32.0,90.0,1.0,3.0,3.0,5.0
2014-09-08,2001.540039,11007.389648,17111.419922,8.0,1.0,11.0,85.0,1.0,41.0,91.0,19.0,68.0,30.0,86.0,2.0,3.0,4.0,5.0
2014-09-09,1988.439941,10945.610352,17013.869141,8.0,1.0,12.0,89.0,1.0,40.0,91.0,20.0,74.0,35.0,87.0,2.0,3.0,4.0,5.0
2014-09-10,1995.689941,10972.209961,17068.710938,9.0,1.0,11.0,85.0,1.0,43.0,95.0,16.0,73.0,39.0,86.0,2.0,3.0,4.0,6.0
2014-09-11,1997.449951,10975.990234,17049.0,9.0,1.0,11.0,84.0,1.0,41.0,91.0,18.0,74.0,35.0,83.0,2.0,3.0,4.0,5.0
2014-09-12,1985.540039,10911.389648,16987.509766,8.0,1.0,10.0,83.0,1.0,37.0,83.0,17.0,68.0,34.0,89.0,2.0,3.0,4.0,5.0
2014-09-15,1984.130005,10909.30957,17031.140625,8.0,1.0,11.0,84.0,1.0,42.0,100.0,18.0,79.0,35.0,87.0,2.0,3.0,4.0,6.0
2014-09-16,1998.97998,10980.139648,17131.970703,8.0,1.0,12.0,84.0,1.0,44.0,92.0,20.0,75.0,39.0,86.0,2.0,3.0,4.0,6.0
2014-09-17,2001.569946,10973.740234,17156.849609,9.0,1.0,12.0,85.0,1.0,43.0,96.0,21.0,74.0,35.0,84.0,2.0,3.0,4.0,6.0
2014-09-18,2011.359985,11024.05957,17265.990234,9.0,1.0,11.0,82.0,1.0,39.0,96.0,18.0,71.0,36.0,81.0,2.0,3.0,4.0,5.0
2014-09-19,2010.400024,10989.570312,17279.740234,7.0,1.0,10.0,83.0,1.0,37.0,86.0,18.0,66.0,41.0,87.0,2.0,3.0,4.0,5.0
2014-09-22,1994.290039,10892.639648,17172.679688,8.0,1.0,11.0,83.0,1.0,42.0,96.0,18.0,74.0,40.0,83.0,2.0,3.0,4.0,6.0
2014-09-23,1982.77002,10815.419922,17055.869141,9.0,1.0,11.0,81.0,1.0,48.0,95.0,18.0,79.0,41.0,84.0,2.0,3.0,5.0,6.0
2014-09-24,1998.300049,10885.599609,17210.060547,9.0,1.0,11.0,83.0,1.0,44.0,94.0,17.0,73.0,38.0,84.0,2.0,3.0,4.0,5.0
2014-09-25,1965.98999,10722.209961,16945.800781,9.0,1.0,11.0,85.0,1.0,41.0,93.0,17.0,71.0,36.0,85.0,2.0,3.0,4.0,6.0
2014-09-26,1982.849976,10798.879883,17113.150391,7.0,1.0,9.0,80.0,1.0,38.0,88.0,18.0,62.0,33.0,88.0,2.0,3.0,4.0,5.0
2014-09-29,1977.800049,10749.049805,17071.220703,9.0,1.0,12.0,86.0,1.0,41.0,95.0,17.0,76.0,34.0,87.0,2.0,3.0,4.0,5.0
2014-09-30,1972.290039,10702.929688,17042.900391,9.0,1.0,12.0,88.0,1.0,42.0,97.0,19.0,74.0,39.0,93.0,2.0,3.0,4.0,6.0
2014-10-01,1946.160034,10571.549805,16804.710938,9.0,1.0,12.0,91.0,1.0,49.0,91.0,18.0,68.0,40.0,96.0,2.0,3.0,4.0,6.0
2014-10-02,1946.170044,10555.709961,16801.050781,10.0,1.0,12.0,88.0,1.0,53.0,90.0,17.0,68.0,37.0,93.0,2.0,3.0,4.0,5.0
2014-10-03,1967.900024,10635.490234,17009.689453,8.0,1.0,11.0,89.0,1.0,51.0,80.0,17.0,61.0,34.0,92.0,2.0,3.0,4.0,5.0
2014-10-06,1964.819946,10647.509766,16991.910156,9.0,1.0,12.0,89.0,1.0,42.0,92.0,20.0,67.0,33.0,91.0,2.0,4.0,4.0,6.0
2014-10-07,1935.099976,10484.549805,16719.390625,9.0,1.0,13.0,89.0,1.0,39.0,97.0,19.0,73.0,40.0,95.0,2.0,3.0,5.0,6.0
2014-10-08,1968.890015,10645.669922,16994.220703,9.0,1.0,13.0,90.0,1.0,40.0,91.0,16.0,77.0,37.0,87.0,2.0,3.0,5.0,6.0
2014-10-09,1928.209961,10409.379883,16659.25,10.0,2.0,13.0,87.0,1.0,41.0,93.0,19.0,74.0,40.0,85.0,2.0,3.0,5.0,6.0
2014-10-10,1906.130005,10293.139648,16544.099609,8.0,2.0,11.0,91.0,2.0,34.0,84.0,18.0,65.0,38.0,92.0,2.0,3.0,4.0,5.0
2014-10-13,1874.73999,10166.740234,16321.070312,9.0,1.0,11.0,88.0,1.0,37.0,92.0,17.0,68.0,38.0,82.0,2.0,3.0,4.0,5.0
2014-10-14,1877.699951,10185.910156,16315.19043,9.0,2.0,12.0,91.0,2.0,44.0,94.0,18.0,72.0,41.0,87.0,2.0,3.0,5.0,6.0
2014-10-15,1862.48999,10109.69043,16141.740234,9.0,3.0,12.0,89.0,2.0,43.0,98.0,19.0,74.0,44.0,90.0,2.0,3.0,5.0,6.0
2014-10-16,1862.76001,10123.730469,16117.240234,10.0,3.0,12.0,91.0,2.0,47.0,94.0,19.0,72.0,43.0,87.0,2.0,3.0,5.0,6.0
2014-10-17,1886.76001,10250.540039,16380.410156,8.0,2.0,11.0,88.0,2.0,36.0,79.0,17.0,68.0,41.0,89.0,2.0,3.0,4.0,5.0
2014-10-20,1904.01001,10327.339844,16399.669922,9.0,2.0,12.0,87.0,1.0,41.0,91.0,19.0,75.0,36.0,89.0,2.0,3.0,5.0,6.0
2014-10-21,1941.280029,10500.780273,16614.810547,10.0,2.0,12.0,87.0,1.0,41.0,96.0,17.0,77.0,41.0,87.0,2.0,4.0,5.0,6.0
2014-10-22,1927.109985,10405.80957,16461.320312,10.0,2.0,12.0,87.0,2.0,39.0,95.0,19.0,67.0,37.0,86.0,2.0,4.0,5.0,5.0
2014-10-23,1950.819946,10519.280273,16677.900391,9.0,2.0,11.0,86.0,1.0,38.0,88.0,17.0,65.0,35.0,82.0,2.0,3.0,4.0,5.0
2014-10-24,1964.579956,10582.620117,16805.410156,8.0,2.0,10.0,87.0,2.0,34.0,84.0,16.0,63.0,35.0,88.0,2.0,3.0,4.0,5.0
2014-10-27,1961.630005,10544.419922,16817.939453,9.0,2.0,13.0,91.0,1.0,44.0,91.0,17.0,70.0,36.0,89.0,2.0,3.0,4.0,5.0
2014-10-28,1985.050049,10677.879883,17005.75,9.0,1.0,12.0,94.0,1.0,39.0,93.0,16.0,76.0,40.0,90.0,2.0,3.0,5.0,6.0
2014-10-29,1982.300049,10646.660156,16974.310547,10.0,2.0,11.0,100.0,1.0,40.0,94.0,19.0,72.0,38.0,87.0,2.0,3.0,5.0,6.0
2014-10-30,1994.650024,10712.19043,17195.419922,9.0,2.0,12.0,94.0,1.0,41.0,93.0,16.0,74.0,37.0,88.0,2.0,3.0,5.0,6.0
2014-10-31,2018.050049,10845.0,17390.519531,8.0,2.0,10.0,90.0,2.0,37.0,76.0,17.0,62.0,39.0,90.0,2.0,3.0,4.0,5.0
2014-11-03,2017.810059,10808.669922,17366.240234,10.0,1.0,12.0,91.0,1.0,50.0,91.0,16.0,72.0,35.0,97.0,2.0,3.0,5.0,6.0
2014-11-04,2012.099976,10758.070312,17383.839844,10.0,1.0,12.0,90.0,1.0,53.0,92.0,15.0,74.0,38.0,94.0,2.0,4.0,5.0,5.0
2014-11-05,2023.569946,10824.070312,17484.529297,10.0,1.0,12.0,90.0,1.0,54.0,96.0,16.0,74.0,39.0,92.0,2.0,3.0,5.0,6.0
2014-11-06,2031.209961,10843.540039,17554.470703,10.0,1.0,12.0,92.0,1.0,44.0,94.0,18.0,76.0,39.0,91.0,2.0,3.0,5.0,6.0
2014-11-07,2031.920044,10864.580078,17573.929688,8.0,1.0,11.0,91.0,1.0,40.0,91.0,17.0,70.0,39.0,94.0,2.0,3.0,4.0,5.0
2014-11-10,2038.26001,10892.55957,17613.740234,10.0,1.0,12.0,93.0,1.0,41.0,97.0,17.0,76.0,35.0,89.0,2.0,3.0,5.0,6.0
2014-11-11,2039.680054,10907.530273,17614.900391,9.0,1.0,11.0,88.0,1.0,38.0,94.0,16.0,72.0,35.0,77.0,2.0,3.0,5.0,5.0
2014-11-12,2038.25,10884.030273,17612.199219,9.0,1.0,12.0,89.0,1.0,38.0,96.0,15.0,76.0,37.0,91.0,2.0,3.0,5.0,6.0
2014-11-13,2039.329956,10868.919922,17652.789062,10.0,1.0,11.0,91.0,1.0,39.0,91.0,16.0,75.0,40.0,88.0,2.0,3.0,5.0,5.0
2014-11-14,2039.819946,10880.629883,17634.740234,8.0,1.0,11.0,89.0,1.0,37.0,85.0,14.0,63.0,37.0,92.0,2.0,3.0,4.0,5.0
2014-11-17,2041.319946,10883.25,17647.75,10.0,1.0,13.0,93.0,1.0,40.0,95.0,15.0,74.0,36.0,89.0,2.0,3.0,5.0,6.0
2014-11-18,2051.800049,10941.700195,17687.820312,10.0,1.0,13.0,94.0,1.0,41.0,100.0,15.0,78.0,39.0,90.0,2.0,3.0,5.0,6.0
2014-11-19,2048.719971,10927.480469,17685.730469,10.0,1.0,12.0,94.0,1.0,43.0,94.0,16.0,73.0,38.0,86.0,2.0,3.0,5.0,5.0
2014-11-20,2052.75,10937.969727,17719.0,10.0,1.0,12.0,90.0,1.0,41.0,92.0,16.0,68.0,39.0,86.0,2.0,3.0,5.0,6.0
2014-11-21,2063.5,11025.740234,17810.060547,9.0,1.0,11.0,87.0,1.0,36.0,85.0,13.0,66.0,39.0,91.0,2.0,3.0,4.0,5.0
2014-11-24,2069.409912,11041.419922,17817.900391,9.0,1.0,11.0,94.0,1.0,39.0,91.0,15.0,74.0,33.0,87.0,2.0,3.0,4.0,6.0
2014-11-25,2067.030029,11029.370117,17814.939453,9.0,1.0,11.0,87.0,1.0,37.0,85.0,15.0,68.0,35.0,87.0,2.0,3.0,4.0,5.0
2014-11-26,2072.830078,11047.910156,17827.75,7.0,1.0,9.0,84.0,1.0,31.0,79.0,15.0,64.0,33.0,90.0,2.0,3.0,4.0,5.0
2014-11-28,2067.560059,10955.410156,17828.240234,6.0,1.0,9.0,84.0,1.0,23.0,63.0,14.0,53.0,32.0,89.0,2.0,3.0,3.0,4.0
2014-12-01,2053.439941,10888.55957,17776.800781,10.0,1.0,11.0,93.0,1.0,44.0,88.0,16.0,76.0,37.0,100.0,2.0,4.0,4.0,5.0
2014-12-02,2066.550049,10940.120117,17879.550781,10.0,1.0,13.0,94.0,1.0,51.0,94.0,16.0,78.0,41.0,98.0,2.0,4.0,5.0,6.0
2014-12-03,2074.330078,10987.299805,17912.619141,11.0,1.0,13.0,94.0,1.0,59.0,97.0,17.0,70.0,39.0,92.0,2.0,3.0,5.0,6.0
2014-12-04,2071.919922,10952.299805,17900.099609,10.0,1.0,12.0,97.0,1.0,46.0,89.0,16.0,73.0,41.0,96.0,2.0,3.0,4.0,5.0
2014-12-05,2075.370117,10970.259766,17958.789062,9.0,1.0,12.0,94.0,1.0,41.0,86.0,15.0,65.0,38.0,94.0,2.0,3.0,4.0,5.0
2014-12-08,2060.310059,10863.540039,17852.480469,11.0,1.0,12.0,97.0,1.0,44.0,95.0,16.0,72.0,42.0,93.0,2.0,3.0,4.0,5.0
2014-12-09,2059.820068,10821.200195,17801.199219,10.0,1.0,13.0,90.0,1.0,42.0,94.0,16.0,75.0,40.0,91.0,2.0,3.0,5.0,5.0
2014-12-10,2026.140015,10662.240234,17533.150391,10.0,1.0,12.0,91.0,1.0,42.0,93.0,16.0,67.0,41.0,88.0,2.0,4.0,5.0,5.0
2014-12-11,2035.329956,10690.150391,17596.339844,9.0,1.0,12.0,92.0,1.0,39.0,88.0,15.0,70.0,39.0,88.0,2.0,3.0,4.0,5.0
2014-12-12,2002.329956,10500.509766,17280.830078,9.0,1.0,11.0,90.0,1.0,46.0,78.0,15.0,61.0,41.0,90.0,2.0,3.0,4.0,5.0
2014-12-15,1989.630005,10411.179688,17180.839844,9.0,1.0,12.0,94.0,1.0,43.0,84.0,19.0,67.0,60.0,92.0,2.0,3.0,4.0,5.0
2014-12-16,1972.73999,10390.019531,17068.869141,9.0,2.0,13.0,96.0,1.0,40.0,83.0,18.0,69.0,52.0,92.0,2.0,3.0,4.0,5.0
2014-12-17,2012.890015,10603.509766,17356.869141,9.0,2.0,12.0,90.0,1.0,40.0,83.0,15.0,65.0,43.0,91.0,2.0,3.0,4.0,5.0
2014-12-18,2061.22998,10831.620117,17778.150391,8.0,2.0,11.0,91.0,1.0,38.0,78.0,15.0,61.0,42.0,89.0,2.0,3.0,4.0,5.0
2014-12-19,2070.649902,10890.240234,17804.800781,7.0,2.0,9.0,92.0,1.0,34.0,71.0,14.0,58.0,40.0,95.0,2.0,3.0,3.0,4.0
2014-12-22,2078.540039,10919.990234,17959.439453,6.0,1.0,8.0,90.0,1.0,26.0,64.0,13.0,57.0,37.0,90.0,1.0,2.0,3.0,4.0
2014-12-23,2082.169922,10951.759766,18024.169922,7.0,2.0,9.0,91.0,1.0,28.0,64.0,13.0,53.0,40.0,92.0,1.0,2.0,3.0,4.0
2014-12-24,2081.879883,10955.110352,18030.210938,5.0,2.0,7.0,88.0,1.0,23.0,56.0,12.0,43.0,33.0,79.0,1.0,2.0,2.0,3.0
2014-12-26,2088.77002,10985.400391,18053.710938,5.0,1.0,6.0,86.0,1.0,25.0,55.0,14.0,38.0,33.0,85.0,1.0,2.0,2.0,2.0
2014-12-29,2090.570068,10988.009766,18038.230469,7.0,1.0,8.0,96.0,1.0,27.0,62.0,14.0,56.0,38.0,93.0,1.0,2.0,3.0,4.0
2014-12-30,2080.350098,10932.990234,17983.070312,7.0,1.0,8.0,96.0,1.0,26.0,68.0,16.0,52.0,41.0,97.0,1.0,2.0,3.0,4.0
2014-12-31,2058.899902,10839.240234,17823.070312,6.0,1.0,7.0,95.0,1.0,27.0,60.0,14.0,50.0,39.0,95.0,1.0,2.0,3.0,4.0
2015-01-02,2058.199951,10830.919922,17832.990234,6.0,1.0,8.0,100.0,1.0,37.0,69.0,14.0,53.0,38.0,100.0,1.0,2.0,3.0,4.0
2015-01-05,2020.579956,10607.679688,17501.650391,8.0,2.0,10.0,95.0,1.0,51.0,79.0,25.0,66.0,41.0,97.0,2.0,3.0,3.0,6.0
2015-01-06,2002.609985,10514.870117,17371.640625,9.0,2.0,11.0,98.0,1.0,53.0,88.0,27.0,72.0,49.0,95.0,2.0,3.0,4.0,6.0
2015-01-07,2025.900024,10627.129883,17584.519531,9.0,2.0,11.0,93.0,1.0,43.0,85.0,19.0,70.0,45.0,88.0,2.0,3.0,4.0,6.0
2015-01-08,2062.139893,10800.540039,17907.869141,9.0,2.0,11.0,91.0,1.0,38.0,86.0,17.0,69.0,42.0,89.0,2.0,3.0,4.0,6.0
2015-01-09,2044.810059,10711.410156,17737.369141,8.0,1.0,11.0,92.0,1.0,36.0,79.0,15.0,62.0,41.0,89.0,2.0,3.0,3.0,5.0
2015-01-12,2028.26001,10640.740234,17640.839844,9.0,1.0,12.0,93.0,1.0,41.0,86.0,16.0,70.0,42.0,90.0,2.0,3.0,4.0,6.0
2015-01-13,2023.030029,10622.959961,17613.679688,9.0,1.0,11.0,92.0,1.0,40.0,86.0,15.0,72.0,42.0,88.0,2.0,3.0,4.0,6.0
2015-01-14,2011.27002,10565.410156,17427.089844,9.0,1.0,13.0,92.0,1.0,39.0,90.0,16.0,70.0,39.0,87.0,2.0,3.0,4.0,6.0
2015-01-15,1992.670044,10514.599609,17320.710938,9.0,1.0,11.0,93.0,1.0,88.0,84.0,17.0,67.0,41.0,90.0,2.0,3.0,4.0,6.0
2015-01-16,2019.420044,10660.320312,17511.570312,9.0,1.0,10.0,93.0,1.0,54.0,83.0,16.0,69.0,42.0,92.0,2.0,3.0,4.0,5.0
2015-01-20,2022.550049,10658.620117,17515.230469,10.0,1.0,12.0,95.0,1.0,49.0,100.0,17.0,80.0,39.0,93.0,2.0,3.0,4.0,7.0
2015-01-21,2032.119995,10720.400391,17554.279297,11.0,1.0,13.0,95.0,1.0,48.0,91.0,16.0,76.0,40.0,90.0,2.0,4.0,4.0,6.0
2015-01-22,2063.149902,10859.349609,17813.980469,10.0,1.0,13.0,99.0,1.0,45.0,95.0,15.0,71.0,40.0,89.0,3.0,3.0,4.0,6.0
2015-01-23,2051.820068,10788.330078,17672.599609,9.0,1.0,11.0,97.0,1.0,40.0,84.0,18.0,67.0,40.0,94.0,2.0,3.0,4.0,6.0
2015-01-26,2057.090088,10847.150391,17678.699219,9.0,1.0,12.0,90.0,1.0,39.0,88.0,16.0,70.0,36.0,85.0,2.0,3.0,4.0,6.0
2015-01-27,2029.550049,10781.830078,17387.210938,11.0,2.0,12.0,96.0,1.0,42.0,91.0,16.0,73.0,42.0,89.0,2.0,3.0,5.0,6.0
2015-01-28,2002.160034,10603.860352,17191.369141,10.0,2.0,12.0,98.0,1.0,41.0,91.0,17.0,76.0,44.0,91.0,2.0,3.0,5.0,7.0
2015-01-29,2021.25,10691.629883,17416.849609,10.0,1.0,13.0,96.0,1.0,41.0,89.0,14.0,76.0,42.0,89.0,2.0,3.0,5.0,7.0
2015-01-30,1994.98999,10537.219727,17164.949219,9.0,1.0,11.0,96.0,1.0,38.0,85.0,17.0,68.0,41.0,97.0,2.0,3.0,4.0,7.0
2015-02-02,2020.849976,10669.030273,17361.039062,9.0,1.0,11.0,95.0,1.0,48.0,86.0,15.0,73.0,39.0,92.0,2.0,3.0,4.0,6.0
2015-02-03,2050.030029,10847.410156,17666.400391,11.0,1.0,12.0,94.0,1.0,54.0,96.0,16.0,76.0,41.0,95.0,2.0,3.0,5.0,7.0
2015-02-04,2041.51001,10775.040039,17673.019531,10.0,2.0,13.0,95.0,1.0,56.0,97.0,16.0,74.0,42.0,94.0,2.0,4.0,5.0,7.0
2015-02-05,2062.52002,10896.05957,17884.880859,10.0,1.0,12.0,91.0,1.0,45.0,96.0,17.0,74.0,44.0,94.0,2.0,3.0,4.0,7.0
2015-02-06,2055.469971,10847.509766,17824.289062,10.0,1.0,12.0,95.0,1.0,42.0,90.0,16.0,69.0,43.0,99.0,2.0,3.0,4.0,6.0
2015-02-09,2046.73999,10826.589844,17729.210938,10.0,1.0,13.0,95.0,1.0,48.0,93.0,15.0,77.0,38.0,91.0,2.0,3.0,4.0,7.0
2015-02-10,2068.590088,10915.139648,17868.759766,10.0,1.0,12.0,94.0,1.0,45.0,94.0,16.0,74.0,40.0,93.0,2.0,4.0,4.0,7.0
2015-02-11,2068.530029,10889.049805,17862.140625,10.0,1.0,12.0,94.0,1.0,44.0,97.0,18.0,82.0,44.0,94.0,2.0,3.0,5.0,7.0
2015-02-12,2088.47998,10995.30957,17972.380859,10.0,1.0,11.0,92.0,1.0,41.0,89.0,16.0,72.0,44.0,91.0,2.0,3.0,4.0,7.0
2015-02-13,2096.98999,11042.69043,18019.349609,9.0,2.0,10.0,89.0,1.0,40.0,85.0,15.0,70.0,42.0,94.0,2.0,3.0,4.0,7.0
2015-02-17,2100.340088,11054.469727,18047.580078,10.0,1.0,12.0,93.0,1.0,41.0,93.0,17.0,72.0,41.0,92.0,2.0,3.0,4.0,7.0
2015-02-18,2099.679932,11064.089844,18029.849609,10.0,1.0,12.0,95.0,1.0,41.0,90.0,18.0,74.0,45.0,90.0,2.0,3.0,4.0,7.0
2015-02-19,2097.449951,11038.259766,17985.769531,9.0,1.0,12.0,95.0,1.0,39.0,91.0,16.0,70.0,41.0,89.0,2.0,3.0,4.0,7.0
2015-02-20,2110.300049,11108.669922,18140.439453,10.0,1.0,10.0,93.0,1.0,37.0,81.0,17.0,65.0,39.0,92.0,2.0,3.0,4.0,7.0
2015-02-23,2109.659912,11074.580078,18116.839844,10.0,1.0,13.0,90.0,1.0,38.0,90.0,14.0,78.0,40.0,88.0,2.0,3.0,4.0,7.0
2015-02-24,2115.47998,11122.110352,18209.189453,11.0,1.0,13.0,96.0,1.0,41.0,100.0,17.0,74.0,43.0,89.0,2.0,3.0,5.0,7.0
2015-02-25,2113.860107,11117.929688,18224.570312,10.0,1.0,13.0,91.0,1.0,42.0,92.0,16.0,76.0,40.0,90.0,2.0,4.0,5.0,7.0
2015-02-26,2110.73999,11082.099609,18214.419922,10.0,1.0,12.0,92.0,1.0,39.0,93.0,17.0,76.0,43.0,92.0,2.0,4.0,5.0,7.0
2015-02-27,2104.5,11062.790039,18132.699219,10.0,1.0,11.0,91.0,1.0,35.0,85.0,15.0,68.0,39.0,95.0,2.0,3.0,4.0,7.0
2015-03-02,2117.389893,11102.820312,18288.630859,9.0,1.0,12.0,93.0,1.0,49.0,94.0,16.0,76.0,42.0,99.0,2.0,3.0,5.0,8.0
2015-03-03,2107.780029,11051.219727,18203.369141,10.0,1.0,12.0,94.0,1.0,54.0,95.0,17.0,78.0,42.0,95.0,2.0,3.0,5.0,8.0
2015-03-04,2098.530029,11004.679688,18096.900391,9.0,1.0,13.0,89.0,1.0,55.0,94.0,16.0,74.0,40.0,90.0,2.0,3.0,4.0,7.0
2015-03-05,2101.040039,11014.259766,18135.720703,9.0,1.0,12.0,90.0,1.0,48.0,93.0,15.0,72.0,41.0,92.0,2.0,3.0,4.0,7.0
2015-03-06,2071.26001,10842.169922,17856.779297,8.0,1.0,11.0,89.0,1.0,39.0,85.0,18.0,63.0,39.0,92.0,2.0,3.0,4.0,6.0
2015-03-09,2079.429932,10866.620117,17995.720703,9.0,1.0,12.0,92.0,1.0,41.0,96.0,17.0,73.0,38.0,90.0,2.0,3.0,4.0,7.0
2015-03-10,2044.160034,10678.410156,17662.939453,10.0,1.0,13.0,94.0,1.0,41.0,94.0,17.0,78.0,38.0,94.0,2.0,4.0,4.0,7.0
2015-03-11,2040.23999,10678.759766,17635.390625,9.0,1.0,12.0,92.0,1.0,37.0,90.0,17.0,76.0,39.0,90.0,2.0,4.0,5.0,7.0
2015-03-12,2065.949951,10820.870117,17895.220703,10.0,1.0,12.0,93.0,1.0,39.0,91.0,19.0,75.0,39.0,86.0,2.0,4.0,4.0,7.0
2015-03-13,2053.399902,10751.019531,17749.310547,9.0,1.0,10.0,92.0,1.0,33.0,86.0,16.0,65.0,37.0,89.0,2.0,3.0,4.0,6.0
2015-03-16,2081.189941,10881.179688,17977.419922,10.0,1.0,11.0,93.0,1.0,37.0,98.0,18.0,79.0,38.0,90.0,2.0,3.0,4.0,7.0
2015-03-17,2074.280029,10862.429688,17849.080078,10.0,1.0,12.0,95.0,1.0,38.0,92.0,16.0,80.0,37.0,87.0,2.0,4.0,4.0,7.0
2015-03-18,2099.5,11019.719727,18076.189453,10.0,1.0,12.0,93.0,1.0,36.0,92.0,17.0,74.0,39.0,84.0,2.0,3.0,4.0,7.0
2015-03-19,2089.27002,10931.360352,17959.029297,9.0,1.0,12.0,89.0,1.0,37.0,90.0,15.0,73.0,39.0,87.0,2.0,3.0,4.0,7.0
2015-03-20,2108.100098,11070.530273,18127.650391,9.0,1.0,10.0,86.0,1.0,33.0,81.0,17.0,68.0,36.0,86.0,2.0,3.0,4.0,6.0
2015-03-23,2104.419922,11070.889648,18116.039062,10.0,1.0,12.0,94.0,1.0,35.0,97.0,19.0,75.0,36.0,86.0,2.0,3.0,4.0,7.0
2015-03-24,2091.5,11019.75,18011.140625,10.0,1.0,12.0,89.0,1.0,39.0,96.0,18.0,79.0,38.0,91.0,3.0,3.0,4.0,7.0
2015-03-25,2061.050049,10897.509766,17718.539062,9.0,1.0,11.0,88.0,1.0,31.0,92.0,18.0,78.0,37.0,85.0,2.0,4.0,5.0,7.0
2015-03-26,2056.149902,10865.150391,17678.230469,9.0,2.0,11.0,97.0,2.0,37.0,85.0,17.0,73.0,35.0,91.0,2.0,3.0,4.0,7.0
2015-03-27,2061.02002,10875.139648,17712.660156,8.0,1.0,10.0,100.0,1.0,34.0,84.0,17.0,66.0,31.0,94.0,2.0,3.0,4.0,6.0
2015-03-30,2086.23999,10989.160156,17976.310547,9.0,1.0,11.0,99.0,1.0,35.0,86.0,18.0,76.0,35.0,91.0,2.0,3.0,4.0,7.0
2015-03-31,2067.889893,10899.19043,17776.119141,9.0,1.0,11.0,97.0,1.0,37.0,92.0,18.0,79.0,36.0,98.0,2.0,3.0,4.0,8.0
2015-04-01,2059.689941,10891.610352,17698.179688,7.0,1.0,8.0,66.0,1.0,42.0,92.0,17.0,77.0,35.0,99.0,2.0,3.0,4.0,7.0
2015-04-02,2066.959961,10953.160156,17763.240234,6.0,1.0,7.0,68.0,1.0,41.0,82.0,17.0,70.0,36.0,100.0,2.0,3.0,4.0,7.0
2015-04-06,2080.620117,11033.120117,17880.849609,6.0,1.0,7.0,65.0,1.0,38.0,87.0,16.0,66.0,36.0,86.0,2.0,3.0,4.0,6.0
2015-04-07,2076.330078,11013.240234,17875.419922,7.0,1.0,7.0,67.0,1.0,40.0,87.0,17.0,73.0,38.0,99.0,2.0,3.0,5.0,7.0
2015-04-08,2081.899902,11032.990234,17902.509766,7.0,1.0,8.0,66.0,1.0,40.0,91.0,18.0,74.0,37.0,96.0,2.0,3.0,4.0,8.0
2015-04-09,2091.179932,11065.389648,17958.730469,7.0,1.0,8.0,65.0,1.0,37.0,88.0,17.0,75.0,39.0,93.0,2.0,3.0,4.0,8.0
2015-04-10,2102.060059,11112.679688,18057.650391,6.0,1.0,7.0,64.0,1.0,36.0,83.0,17.0,64.0,37.0,97.0,2.0,3.0,4.0,7.0
2015-04-13,2092.429932,11056.759766,17977.039062,6.0,1.0,8.0,68.0,1.0,39.0,96.0,19.0,79.0,37.0,94.0,2.0,4.0,5.0,9.0
2015-04-14,2095.840088,11108.070312,18036.699219,7.0,1.0,8.0,69.0,1.0,37.0,100.0,18.0,75.0,38.0,94.0,2.0,3.0,5.0,10.0
2015-04-15,2106.629883,11171.05957,18112.609375,7.0,1.0,8.0,67.0,1.0,40.0,97.0,17.0,77.0,40.0,99.0,2.0,3.0,5.0,11.0
2015-04-16,2104.98999,11169.75,18105.769531,7.0,1.0,9.0,64.0,1.0,36.0,99.0,19.0,74.0,39.0,91.0,2.0,4.0,5.0,7.0
2015-04-17,2081.179932,11058.450195,17826.300781,6.0,1.0,7.0,64.0,1.0,37.0,85.0,18.0,66.0,37.0,90.0,2.0,3.0,4.0,6.0
2015-04-20,2100.399902,11116.570312,18034.929688,7.0,1.0,8.0,65.0,1.0,37.0,95.0,20.0,76.0,36.0,92.0,2.0,4.0,4.0,8.0
2015-04-21,2097.290039,11100.379883,17949.589844,7.0,1.0,9.0,66.0,1.0,36.0,93.0,18.0,77.0,41.0,91.0,2.0,4.0,5.0,7.0
2015-04-22,2107.959961,11144.450195,18038.269531,7.0,1.0,8.0,65.0,1.0,42.0,99.0,20.0,77.0,38.0,90.0,2.0,3.0,5.0,7.0
2015-04-23,2112.929932,11191.480469,18058.689453,7.0,1.0,8.0,66.0,1.0,40.0,98.0,19.0,74.0,39.0,91.0,2.0,3.0,5.0,7.0
2015-04-24,2117.689941,11192.929688,18080.140625,6.0,1.0,7.0,64.0,1.0,36.0,85.0,18.0,67.0,36.0,93.0,2.0,3.0,5.0,6.0
2015-04-27,2108.919922,11167.30957,18037.970703,7.0,1.0,8.0,66.0,1.0,40.0,97.0,18.0,74.0,37.0,92.0,2.0,4.0,5.0,7.0
2015-04-28,2114.76001,11203.080078,18110.140625,7.0,1.0,8.0,66.0,1.0,39.0,96.0,17.0,74.0,37.0,94.0,2.0,3.0,5.0,8.0
2015-04-29,2106.850098,11154.110352,18035.529297,6.0,1.0,8.0,66.0,1.0,40.0,95.0,17.0,70.0,37.0,90.0,2.0,3.0,5.0,7.0
2015-04-30,2085.51001,11049.740234,17840.519531,7.0,1.0,8.0,69.0,1.0,36.0,94.0,19.0,68.0,35.0,96.0,2.0,3.0,4.0,7.0
2015-05-01,2108.290039,11140.360352,18024.060547,6.0,1.0,7.0,71.0,1.0,39.0,88.0,16.0,59.0,36.0,99.0,2.0,3.0,4.0,6.0
2015-05-04,2114.48999,11173.280273,18070.400391,6.0,1.0,8.0,71.0,1.0,44.0,87.0,20.0,69.0,33.0,96.0,2.0,3.0,4.0,6.0
2015-05-05,2089.459961,11049.339844,17928.199219,7.0,1.0,9.0,66.0,1.0,48.0,94.0,20.0,75.0,36.0,99.0,2.0,3.0,5.0,7.0
2015-05-06,2080.149902,11015.990234,17841.980469,7.0,1.0,8.0,66.0,1.0,43.0,90.0,20.0,71.0,36.0,94.0,2.0,4.0,5.0,6.0
2015-05-07,2088.0,11036.400391,17924.060547,6.0,1.0,8.0,63.0,1.0,39.0,91.0,20.0,67.0,34.0,92.0,2.0,3.0,4.0,7.0
2015-05-08,2116.100098,11196.5,18191.109375,6.0,1.0,8.0,64.0,1.0,36.0,84.0,18.0,64.0,34.0,85.0,2.0,3.0,4.0,6.0
2015-05-11,2105.330078,11140.740234,18105.169922,7.0,1.0,9.0,68.0,1.0,39.0,95.0,18.0,72.0,34.0,94.0,2.0,4.0,5.0,6.0
2015-05-12,2099.120117,11113.169922,18068.230469,7.0,1.0,8.0,65.0,1.0,40.0,96.0,20.0,74.0,31.0,93.0,2.0,4.0,5.0,6.0
2015-05-13,2098.47998,11117.0,18060.490234,7.0,1.0,8.0,64.0,1.0,41.0,90.0,20.0,71.0,34.0,91.0,2.0,4.0,5.0,6.0
2015-05-14,2121.100098,11207.330078,18252.240234,6.0,1.0,8.0,64.0,1.0,39.0,91.0,20.0,69.0,34.0,85.0,2.0,3.0,5.0,6.0
2015-05-15,2122.72998,11228.349609,18272.560547,6.0,1.0,7.0,64.0,1.0,37.0,84.0,19.0,62.0,33.0,94.0,2.0,3.0,4.0,6.0
2015-05-18,2129.199951,11227.889648,18298.880859,6.0,1.0,8.0,65.0,1.0,37.0,91.0,20.0,69.0,33.0,92.0,2.0,3.0,4.0,6.0
2015-05-19,2127.830078,11213.150391,18312.390625,7.0,1.0,7.0,63.0,1.0,33.0,86.0,20.0,71.0,33.0,93.0,3.0,3.0,5.0,6.0
2015-05-20,2125.850098,11210.240234,18285.400391,6.0,1.0,8.0,66.0,1.0,35.0,88.0,21.0,73.0,32.0,90.0,2.0,4.0,4.0,6.0
2015-05-21,2130.820068,11239.660156,18285.740234,6.0,1.0,7.0,61.0,1.0,33.0,83.0,18.0,64.0,32.0,91.0,2.0,3.0,4.0,6.0
2015-05-22,2126.060059,11197.69043,18232.019531,5.0,1.0,7.0,62.0,1.0,29.0,79.0,18.0,63.0,31.0,90.0,2.0,3.0,4.0,5.0
2015-05-26,2104.199951,11065.320312,18041.539062,6.0,1.0,8.0,64.0,1.0,33.0,83.0,19.0,65.0,31.0,96.0,2.0,3.0,4.0,6.0
2015-05-27,2123.47998,11143.349609,18162.990234,6.0,1.0,7.0,63.0,1.0,34.0,87.0,19.0,68.0,32.0,95.0,2.0,3.0,4.0,6.0
2015-05-28,2120.790039,11132.740234,18126.119141,6.0,1.0,7.0,64.0,1.0,34.0,83.0,18.0,68.0,34.0,95.0,2.0,3.0,4.0,6.0
2015-05-29,2107.389893,11056.299805,18010.679688,5.0,1.0,7.0,61.0,1.0,31.0,77.0,19.0,63.0,32.0,96.0,1.0,3.0,4.0,5.0
2015-06-01,2111.72998,11061.679688,18040.369141,6.0,1.0,7.0,66.0,1.0,39.0,83.0,20.0,67.0,29.0,98.0,2.0,3.0,4.0,5.0
2015-06-02,2109.600098,11080.889648,18011.939453,6.0,1.0,7.0,66.0,1.0,43.0,83.0,19.0,71.0,32.0,98.0,2.0,3.0,4.0,6.0
2015-06-03,2114.070068,11107.929688,18076.269531,6.0,1.0,7.0,65.0,1.0,42.0,84.0,19.0,72.0,31.0,96.0,2.0,4.0,4.0,6.0
2015-06-04,2095.840088,11000.389648,17905.580078,6.0,1.0,7.0,67.0,1.0,37.0,84.0,19.0,70.0,30.0,93.0,2.0,3.0,4.0,6.0
2015-06-05,2092.830078,10979.330078,17849.460938,6.0,1.0,6.0,64.0,1.0,34.0,78.0,18.0,59.0,30.0,96.0,2.0,3.0,4.0,5.0
2015-06-08,2079.280029,10917.820312,17766.550781,5.0,1.0,6.0,62.0,0.0,35.0,81.0,20.0,65.0,27.0,91.0,2.0,3.0,4.0,6.0
2015-06-09,2080.149902,10915.639648,17764.039062,6.0,1.0,7.0,66.0,1.0,32.0,83.0,19.0,69.0,30.0,94.0,2.0,3.0,4.0,6.0
2015-06-10,2105.199951,11057.990234,18000.400391,6.0,1.0,7.0,64.0,1.0,35.0,81.0,20.0,70.0,28.0,94.0,2.0,3.0,4.0,6.0
2015-06-11,2108.860107,11080.509766,18039.369141,6.0,1.0,6.0,63.0,1.0,29.0,81.0,18.0,68.0,29.0,91.0,2.0,3.0,4.0,6.0
2015-06-12,2094.110107,11009.910156,17898.839844,6.0,1.0,6.0,65.0,1.0,30.0,74.0,18.0,61.0,27.0,93.0,2.0,3.0,4.0,5.0
2015-06-15,2084.429932,10949.540039,17791.169922,6.0,1.0,6.0,100.0,1.0,30.0,76.0,21.0,71.0,28.0,95.0,2.0,3.0,4.0,6.0
2015-06-16,2096.290039,10997.660156,17904.480469,6.0,1.0,7.0,70.0,1.0,31.0,84.0,21.0,70.0,26.0,97.0,2.0,3.0,4.0,6.0
2015-06-17,2100.439941,11013.660156,17935.740234,7.0,1.0,6.0,66.0,0.0,30.0,80.0,20.0,68.0,30.0,91.0,2.0,3.0,4.0,6.0
2015-06-18,2121.23999,11100.469727,18115.839844,7.0,1.0,7.0,65.0,1.0,30.0,80.0,20.0,70.0,29.0,93.0,2.0,3.0,4.0,6.0
2015-06-19,2109.98999,11038.959961,18015.949219,6.0,1.0,6.0,64.0,1.0,28.0,74.0,17.0,61.0,28.0,95.0,1.0,3.0,4.0,5.0
2015-06-22,2122.850098,11129.610352,18119.779297,6.0,1.0,6.0,65.0,1.0,30.0,84.0,19.0,67.0,29.0,91.0,1.0,3.0,4.0,6.0
2015-06-23,2124.199951,11149.360352,18144.070312,6.0,1.0,7.0,65.0,1.0,30.0,82.0,19.0,70.0,29.0,92.0,1.0,3.0,4.0,6.0
2015-06-24,2108.580078,11066.139648,17966.070312,6.0,1.0,6.0,63.0,1.0,29.0,79.0,19.0,69.0,30.0,91.0,1.0,3.0,4.0,6.0
2015-06-25,2102.310059,11035.730469,17890.359375,6.0,1.0,6.0,66.0,1.0,29.0,74.0,19.0,65.0,29.0,94.0,1.0,3.0,4.0,6.0
2015-06-26,2101.48999,11040.30957,17946.679688,6.0,1.0,6.0,62.0,0.0,27.0,70.0,20.0,60.0,27.0,93.0,1.0,3.0,3.0,5.0
2015-06-29,2057.639893,10790.330078,17596.349609,10.0,1.0,8.0,73.0,1.0,32.0,75.0,22.0,66.0,36.0,96.0,2.0,3.0,4.0,6.0
2015-06-30,2063.110107,10805.200195,17619.509766,11.0,2.0,7.0,71.0,1.0,31.0,79.0,21.0,67.0,32.0,100.0,1.0,3.0,4.0,6.0
2015-07-01,2077.419922,10858.990234,17757.910156,12.0,1.0,8.0,82.0,1.0,28.0,57.0,14.0,48.0,23.0,97.0,1.0,3.0,4.0,5.0
2015-07-02,2076.780029,10864.820312,17730.109375,10.0,2.0,8.0,100.0,1.0,29.0,58.0,15.0,48.0,26.0,98.0,1.0,3.0,3.0,5.0
2015-07-06,2068.76001,10782.679688,17683.580078,13.0,2.0,9.0,89.0,1.0,23.0,59.0,15.0,50.0,25.0,95.0,1.0,3.0,3.0,5.0
2015-07-07,2081.340088,10829.320312,17776.910156,12.0,1.0,9.0,86.0,1.0,21.0,60.0,15.0,51.0,26.0,96.0,1.0,3.0,4.0,5.0
2015-07-08,2046.680054,10636.799805,17515.419922,11.0,2.0,9.0,89.0,1.0,24.0,59.0,17.0,52.0,33.0,94.0,1.0,3.0,4.0,6.0
2015-07-09,2051.310059,10689.509766,17548.619141,10.0,1.0,9.0,86.0,1.0,22.0,58.0,15.0,51.0,26.0,92.0,1.0,3.0,4.0,5.0
2015-07-10,2076.620117,10853.919922,17760.410156,9.0,1.0,8.0,85.0,1.0,20.0,54.0,14.0,43.0,23.0,92.0,1.0,3.0,3.0,5.0
2015-07-13,2099.600098,10944.849609,17977.679688,10.0,1.0,9.0,89.0,1.0,23.0,100.0,14.0,50.0,24.0,88.0,1.0,3.0,4.0,6.0
2015-07-14,2108.949951,10993.259766,18053.580078,10.0,1.0,8.0,82.0,1.0,24.0,66.0,15.0,54.0,26.0,82.0,2.0,3.0,4.0,6.0
2015-07-15,2107.399902,10958.830078,18050.169922,9.0,1.0,7.0,82.0,1.0,26.0,60.0,15.0,51.0,24.0,95.0,1.0,3.0,4.0,6.0
2015-07-16,2124.290039,11024.870117,18120.25,9.0,1.0,8.0,81.0,1.0,22.0,56.0,14.0,50.0,26.0,90.0,1.0,3.0,4.0,6.0
2015-07-17,2126.639893,10987.169922,18086.449219,7.0,1.0,7.0,82.0,1.0,21.0,54.0,13.0,45.0,25.0,93.0,1.0,3.0,3.0,4.0
2015-07-20,2128.280029,10969.490234,18100.410156,7.0,1.0,8.0,88.0,1.0,24.0,59.0,14.0,53.0,26.0,96.0,1.0,3.0,4.0,6.0
2015-07-21,2119.209961,10919.0,17919.289062,8.0,1.0,9.0,83.0,1.0,25.0,59.0,15.0,55.0,28.0,93.0,2.0,3.0,4.0,6.0
2015-07-22,2114.149902,10899.860352,17851.039062,7.0,1.0,7.0,81.0,1.0,25.0,60.0,14.0,52.0,26.0,90.0,1.0,3.0,4.0,5.0
2015-07-23,2102.149902,10840.730469,17731.919922,8.0,1.0,8.0,80.0,1.0,23.0,57.0,14.0,51.0,26.0,88.0,1.0,3.0,4.0,5.0
2015-07-24,2079.649902,10721.950195,17568.529297,7.0,1.0,7.0,80.0,1.0,22.0,53.0,15.0,43.0,26.0,89.0,1.0,2.0,3.0,5.0
2015-07-27,2067.639893,10656.610352,17440.589844,7.0,1.0,8.0,81.0,1.0,23.0,57.0,14.0,51.0,27.0,90.0,1.0,3.0,4.0,5.0
2015-07-28,2093.25,10790.179688,17630.269531,7.0,1.0,8.0,81.0,1.0,24.0,60.0,14.0,53.0,26.0,92.0,1.0,3.0,4.0,5.0
2015-07-29,2108.570068,10883.910156,17751.390625,7.0,1.0,7.0,80.0,1.0,23.0,59.0,14.0,52.0,25.0,90.0,2.0,3.0,4.0,5.0
2015-07-30,2108.629883,10881.75,17745.980469,7.0,1.0,7.0,77.0,1.0,23.0,61.0,14.0,48.0,23.0,91.0,1.0,3.0,4.0,5.0
2015-07-31,2103.840088,10882.280273,17689.859375,6.0,1.0,8.0,79.0,1.0,21.0,56.0,12.0,46.0,23.0,100.0,1.0,2.0,3.0,5.0
2015-08-03,2098.040039,10841.259766,17598.199219,7.0,1.0,7.0,80.0,1.0,33.0,58.0,14.0,50.0,26.0,94.0,1.0,3.0,4.0,4.0
2015-08-04,2093.320068,10824.700195,17550.689453,7.0,1.0,7.0,80.0,1.0,31.0,59.0,15.0,52.0,26.0,93.0,1.0,3.0,4.0,5.0
2015-08-05,2099.840088,10847.849609,17540.470703,7.0,1.0,8.0,77.0,1.0,27.0,61.0,15.0,54.0,26.0,95.0,1.0,3.0,4.0,5.0
2015-08-06,2083.560059,10799.44043,17419.75,7.0,1.0,8.0,79.0,1.0,25.0,58.0,14.0,51.0,25.0,90.0,1.0,3.0,4.0,5.0
2015-08-07,2077.570068,10763.150391,17373.380859,8.0,1.0,7.0,79.0,1.0,22.0,56.0,13.0,46.0,25.0,95.0,1.0,3.0,3.0,4.0
2015-08-10,2104.179932,10906.049805,17615.169922,7.0,1.0,8.0,78.0,1.0,23.0,62.0,14.0,53.0,24.0,90.0,1.0,3.0,4.0,5.0
2015-08-11,2084.070068,10802.089844,17402.839844,8.0,1.0,8.0,79.0,1.0,23.0,63.0,14.0,52.0,27.0,87.0,1.0,3.0,4.0,5.0
2015-08-12,2086.050049,10779.459961,17402.509766,7.0,2.0,8.0,77.0,1.0,23.0,61.0,13.0,50.0,26.0,88.0,1.0,3.0,4.0,5.0
2015-08-13,2083.389893,10745.30957,17408.25,7.0,1.0,9.0,78.0,1.0,21.0,60.0,14.0,52.0,24.0,85.0,1.0,3.0,4.0,5.0
2015-08-14,2091.540039,10782.240234,17477.400391,6.0,1.0,8.0,78.0,1.0,21.0,54.0,14.0,44.0,22.0,92.0,1.0,3.0,3.0,4.0
2015-08-17,2102.439941,10818.570312,17545.179688,7.0,1.0,8.0,81.0,1.0,23.0,57.0,15.0,52.0,24.0,89.0,1.0,3.0,4.0,5.0
2015-08-18,2096.919922,10792.799805,17511.339844,7.0,1.0,8.0,81.0,1.0,23.0,61.0,14.0,54.0,25.0,89.0,1.0,3.0,4.0,5.0
2015-08-19,2079.610107,10687.030273,17348.730469,7.0,1.0,8.0,78.0,1.0,25.0,63.0,13.0,53.0,26.0,87.0,2.0,3.0,4.0,5.0
2015-08-20,2035.72998,10475.75,16990.689453,7.0,2.0,9.0,77.0,1.0,24.0,57.0,13.0,52.0,26.0,86.0,2.0,3.0,4.0,5.0
2015-08-21,1970.890015,10195.69043,16459.75,7.0,4.0,9.0,79.0,2.0,23.0,54.0,14.0,45.0,34.0,88.0,1.0,3.0,3.0,4.0
2015-08-24,1893.209961,9789.94043,15871.349609,8.0,7.0,12.0,87.0,4.0,26.0,65.0,16.0,53.0,64.0,86.0,2.0,3.0,4.0,5.0
2015-08-25,1867.609985,9692.389648,15666.44043,7.0,5.0,11.0,80.0,3.0,26.0,65.0,16.0,55.0,55.0,87.0,2.0,3.0,4.0,5.0
2015-08-26,1940.51001,9979.669922,16285.509766,8.0,5.0,10.0,80.0,3.0,25.0,66.0,15.0,51.0,42.0,84.0,1.0,3.0,4.0,5.0
2015-08-27,1987.660034,10230.509766,16654.769531,7.0,4.0,10.0,80.0,2.0,25.0,64.0,16.0,49.0,34.0,87.0,1.0,3.0,4.0,5.0
2015-08-28,1988.869995,10242.05957,16643.009766,7.0,3.0,9.0,79.0,2.0,25.0,56.0,15.0,45.0,32.0,87.0,1.0,3.0,3.0,4.0
2015-08-31,1972.180054,10176.5,16528.029297,6.0,3.0,10.0,83.0,1.0,26.0,60.0,15.0,49.0,27.0,89.0,2.0,3.0,4.0,5.0
2015-09-01,1913.849976,9874.669922,16058.349609,7.0,4.0,10.0,80.0,2.0,32.0,63.0,13.0,52.0,31.0,93.0,2.0,3.0,4.0,6.0
2015-09-02,1948.859985,10013.360352,16351.379883,7.0,4.0,10.0,78.0,2.0,35.0,67.0,14.0,51.0,29.0,88.0,2.0,3.0,4.0,5.0
2015-09-03,1951.130005,10049.290039,16374.759766,7.0,3.0,10.0,75.0,2.0,37.0,66.0,14.0,50.0,30.0,88.0,2.0,3.0,4.0,5.0
2015-09-04,1921.219971,9871.860352,16102.379883,7.0,4.0,9.0,77.0,1.0,26.0,58.0,13.0,43.0,25.0,89.0,2.0,3.0,3.0,4.0
2015-09-08,1969.410034,10109.679688,16492.679688,7.0,3.0,10.0,79.0,2.0,29.0,68.0,16.0,51.0,26.0,86.0,2.0,3.0,4.0,5.0
2015-09-09,1942.040039,9988.910156,16253.570312,7.0,3.0,11.0,77.0,1.0,32.0,73.0,13.0,53.0,25.0,87.0,2.0,3.0,4.0,5.0
2015-09-10,1952.290039,10019.389648,16330.400391,8.0,3.0,10.0,79.0,1.0,29.0,70.0,15.0,52.0,28.0,85.0,2.0,3.0,4.0,6.0
2015-09-11,1961.050049,10040.219727,16433.089844,7.0,3.0,9.0,78.0,1.0,26.0,60.0,14.0,47.0,23.0,86.0,2.0,3.0,4.0,5.0
2015-09-14,1953.030029,9988.589844,16370.959961,7.0,2.0,10.0,77.0,1.0,29.0,68.0,13.0,54.0,25.0,85.0,2.0,3.0,4.0,5.0
2015-09-15,1978.089966,10105.870117,16599.849609,8.0,2.0,10.0,76.0,1.0,30.0,71.0,13.0,55.0,25.0,88.0,2.0,3.0,4.0,6.0
2015-09-16,1995.310059,10236.719727,16739.949219,8.0,2.0,11.0,75.0,1.0,31.0,72.0,15.0,51.0,24.0,86.0,2.0,3.0,5.0,6.0
2015-09-17,1990.199951,10215.540039,16674.740234,9.0,2.0,10.0,74.0,1.0,29.0,67.0,17.0,50.0,25.0,80.0,2.0,3.0,4.0,5.0
2015-09-18,1958.030029,10031.599609,16384.580078,7.0,2.0,10.0,78.0,1.0,28.0,65.0,13.0,46.0,25.0,87.0,2.0,3.0,4.0,5.0
2015-09-21,1966.969971,10066.070312,16510.189453,7.0,1.0,11.0,77.0,1.0,31.0,68.0,16.0,52.0,25.0,82.0,2.0,3.0,4.0,5.0
2015-09-22,1942.73999,9912.599609,16330.469727,8.0,2.0,11.0,77.0,1.0,33.0,73.0,22.0,55.0,28.0,84.0,2.0,3.0,5.0,6.0
2015-09-23,1938.76001,9867.900391,16279.889648,8.0,2.0,10.0,77.0,1.0,31.0,66.0,18.0,51.0,27.0,83.0,2.0,3.0,4.0,5.0
2015-09-24,1932.23999,9837.80957,16201.320312,7.0,2.0,10.0,78.0,1.0,28.0,67.0,16.0,49.0,28.0,83.0,2.0,3.0,4.0,5.0
2015-09-25,1931.339966,9857.259766,16314.669922,6.0,2.0,10.0,77.0,1.0,26.0,63.0,14.0,44.0,26.0,88.0,2.0,3.0,4.0,5.0
2015-09-28,1881.77002,9601.419922,16001.889648,8.0,2.0,10.0,75.0,1.0,31.0,70.0,15.0,51.0,26.0,87.0,2.0,3.0,4.0,5.0
2015-09-29,1884.089966,9622.070312,16049.129883,8.0,2.0,10.0,77.0,1.0,33.0,73.0,15.0,53.0,29.0,88.0,2.0,3.0,5.0,6.0
2015-09-30,1920.030029,9799.69043,16284.700195,8.0,2.0,11.0,77.0,1.0,31.0,72.0,14.0,51.0,27.0,89.0,2.0,3.0,4.0,6.0
2015-10-01,1923.819946,9820.950195,16272.009766,10.0,2.0,13.0,90.0,1.0,44.0,88.0,18.0,66.0,33.0,97.0,2.0,3.0,4.0,5.0
2015-10-02,1951.359985,9973.55957,16472.369141,9.0,2.0,11.0,87.0,1.0,44.0,80.0,17.0,57.0,30.0,93.0,2.0,3.0,4.0,5.0
2015-10-05,1987.050049,10167.929688,16776.429688,9.0,2.0,12.0,90.0,1.0,45.0,93.0,18.0,68.0,33.0,92.0,2.0,3.0,4.0,6.0
2015-10-06,1979.920044,10156.379883,16790.189453,10.0,2.0,13.0,90.0,2.0,40.0,100.0,19.0,78.0,36.0,92.0,2.0,3.0,5.0,6.0
2015-10-07,1995.829956,10258.519531,16912.289062,10.0,2.0,13.0,92.0,2.0,42.0,98.0,18.0,72.0,37.0,90.0,2.0,3.0,5.0,6.0
2015-10-08,2013.430054,10361.040039,17050.75,10.0,2.0,13.0,91.0,2.0,39.0,93.0,16.0,68.0,35.0,86.0,2.0,3.0,4.0,6.0
2015-10-09,2014.890015,10361.259766,17084.490234,9.0,2.0,10.0,90.0,1.0,35.0,85.0,16.0,61.0,37.0,88.0,2.0,3.0,4.0,5.0
2015-10-12,2017.459961,10356.490234,17131.859375,9.0,1.0,12.0,89.0,1.0,36.0,96.0,17.0,69.0,33.0,86.0,2.0,3.0,5.0,5.0
2015-10-13,2003.689941,10262.94043,17081.890625,9.0,2.0,12.0,89.0,2.0,38.0,96.0,17.0,70.0,34.0,89.0,2.0,3.0,5.0,6.0
2015-10-14,1994.23999,10229.669922,16924.75,10.0,1.0,12.0,88.0,1.0,38.0,97.0,17.0,69.0,32.0,87.0,2.0,3.0,5.0,6.0
2015-10-15,2023.859985,10378.269531,17141.75,9.0,2.0,12.0,90.0,1.0,40.0,95.0,18.0,70.0,35.0,92.0,2.0,3.0,5.0,6.0
2015-10-16,2033.109985,10421.910156,17215.970703,9.0,1.0,10.0,87.0,1.0,35.0,83.0,17.0,60.0,31.0,90.0,2.0,3.0,4.0,5.0
2015-10-19,2033.660034,10391.599609,17230.539062,10.0,1.0,13.0,90.0,1.0,37.0,96.0,18.0,69.0,33.0,86.0,2.0,3.0,5.0,6.0
2015-10-20,2030.77002,10383.419922,17217.109375,10.0,1.0,12.0,87.0,1.0,37.0,94.0,18.0,68.0,35.0,87.0,2.0,3.0,5.0,6.0
2015-10-21,2018.939941,10306.44043,17168.609375,10.0,1.0,12.0,89.0,1.0,38.0,95.0,18.0,70.0,36.0,84.0,2.0,3.0,5.0,6.0
2015-10-22,2052.51001,10448.830078,17489.160156,9.0,1.0,11.0,87.0,1.0,39.0,91.0,17.0,63.0,34.0,84.0,2.0,3.0,4.0,5.0
2015-10-23,2075.149902,10506.509766,17646.699219,9.0,2.0,10.0,90.0,2.0,35.0,82.0,16.0,62.0,37.0,86.0,2.0,3.0,4.0,5.0
2015-10-26,2071.179932,10464.620117,17623.050781,9.0,2.0,13.0,89.0,1.0,40.0,93.0,19.0,66.0,35.0,86.0,2.0,3.0,5.0,5.0
2015-10-27,2065.889893,10400.179688,17581.429688,10.0,1.0,12.0,91.0,1.0,43.0,95.0,15.0,75.0,36.0,87.0,2.0,3.0,5.0,6.0
2015-10-28,2090.350098,10538.200195,17779.519531,9.0,2.0,12.0,87.0,1.0,39.0,92.0,17.0,70.0,36.0,87.0,2.0,3.0,5.0,6.0
2015-10-29,2089.409912,10498.160156,17755.800781,11.0,2.0,11.0,89.0,1.0,39.0,91.0,17.0,70.0,35.0,85.0,2.0,3.0,5.0,6.0
2015-10-30,2079.360107,10460.959961,17663.539062,9.0,1.0,10.0,88.0,1.0,32.0,82.0,15.0,61.0,32.0,89.0,2.0,3.0,4.0,5.0
2015-11-02,2104.050049,10579.870117,17828.759766,10.0,1.0,13.0,96.0,1.0,54.0,100.0,17.0,71.0,35.0,98.0,2.0,3.0,5.0,6.0
2015-11-03,2109.790039,10609.919922,17918.150391,10.0,2.0,12.0,94.0,1.0,53.0,98.0,16.0,73.0,36.0,96.0,2.0,3.0,5.0,6.0
2015-11-04,2102.310059,10563.959961,17867.580078,10.0,2.0,12.0,91.0,1.0,46.0,95.0,16.0,70.0,36.0,91.0,2.0,3.0,5.0,6.0
2015-11-05,2099.929932,10548.360352,17863.429688,9.0,2.0,12.0,92.0,1.0,42.0,98.0,17.0,70.0,37.0,92.0,2.0,3.0,5.0,6.0
2015-11-06,2099.199951,10513.360352,17910.330078,9.0,2.0,11.0,91.0,1.0,39.0,84.0,16.0,67.0,34.0,93.0,2.0,3.0,4.0,5.0
2015-11-09,2078.580078,10415.19043,17730.480469,10.0,1.0,12.0,90.0,1.0,41.0,96.0,15.0,70.0,34.0,89.0,2.0,3.0,5.0,5.0
2015-11-10,2081.719971,10432.349609,17758.210938,10.0,1.0,11.0,90.0,1.0,43.0,93.0,16.0,65.0,35.0,88.0,2.0,3.0,5.0,5.0
2015-11-11,2075.0,10399.900391,17702.220703,9.0,1.0,11.0,87.0,1.0,37.0,88.0,14.0,63.0,33.0,75.0,2.0,4.0,5.0,5.0
2015-11-12,2045.969971,10235.950195,17448.070312,9.0,2.0,12.0,89.0,1.0,41.0,92.0,15.0,69.0,34.0,86.0,2.0,3.0,4.0,5.0
2015-11-13,2023.040039,10155.070312,17245.240234,8.0,2.0,11.0,91.0,1.0,37.0,85.0,15.0,60.0,35.0,92.0,2.0,3.0,4.0,5.0
2015-11-16,2053.189941,10299.400391,17483.009766,9.0,2.0,12.0,90.0,1.0,42.0,93.0,15.0,67.0,34.0,85.0,2.0,3.0,5.0,6.0
2015-11-17,2050.439941,10285.759766,17489.5,10.0,2.0,11.0,87.0,1.0,41.0,94.0,17.0,68.0,32.0,88.0,2.0,3.0,5.0,6.0
2015-11-18,2083.580078,10429.599609,17737.160156,10.0,1.0,12.0,90.0,1.0,42.0,97.0,14.0,69.0,35.0,82.0,2.0,3.0,5.0,5.0
2015-11-19,2081.23999,10431.459961,17732.75,10.0,2.0,11.0,91.0,1.0,41.0,92.0,16.0,71.0,37.0,85.0,2.0,3.0,5.0,6.0
2015-11-20,2089.169922,10444.200195,17823.810547,8.0,1.0,10.0,89.0,1.0,36.0,87.0,14.0,61.0,34.0,87.0,2.0,3.0,4.0,5.0
2015-11-23,2086.590088,10421.410156,17792.679688,8.0,2.0,12.0,87.0,1.0,35.0,88.0,15.0,70.0,32.0,84.0,2.0,3.0,4.0,5.0
2015-11-24,2089.139893,10449.719727,17812.189453,8.0,2.0,10.0,86.0,1.0,33.0,86.0,15.0,66.0,33.0,85.0,2.0,3.0,4.0,5.0
2015-11-25,2088.870117,10450.360352,17813.390625,7.0,1.0,9.0,82.0,1.0,28.0,74.0,16.0,59.0,28.0,85.0,2.0,3.0,4.0,4.0
2015-11-27,2090.110107,10450.530273,17813.390625,6.0,1.0,7.0,81.0,1.0,25.0,65.0,14.0,47.0,24.0,83.0,1.0,2.0,3.0,3.0
2015-11-30,2080.409912,10409.589844,17719.919922,9.0,1.0,11.0,91.0,1.0,38.0,91.0,15.0,68.0,32.0,96.0,2.0,3.0,5.0,5.0
2015-12-01,2102.629883,10519.589844,17888.349609,10.0,1.0,12.0,92.0,1.0,50.0,97.0,14.0,67.0,35.0,100.0,2.0,3.0,5.0,6.0
2015-12-02,2079.51001,10389.200195,17729.679688,10.0,2.0,12.0,93.0,1.0,52.0,94.0,14.0,67.0,35.0,93.0,2.0,3.0,5.0,5.0
2015-12-03,2049.620117,10257.379883,17477.669922,9.0,2.0,11.0,93.0,1.0,47.0,92.0,17.0,69.0,33.0,89.0,2.0,3.0,5.0,5.0
2015-12-04,2091.689941,10408.860352,17847.630859,8.0,2.0,10.0,90.0,1.0,45.0,85.0,15.0,60.0,33.0,94.0,2.0,3.0,4.0,5.0
2015-12-07,2077.070068,10304.530273,17730.509766,9.0,1.0,12.0,91.0,1.0,42.0,93.0,13.0,70.0,35.0,90.0,2.0,3.0,5.0,6.0
2015-12-08,2063.590088,10198.370117,17568.0,10.0,2.0,13.0,94.0,1.0,46.0,98.0,15.0,73.0,37.0,94.0,2.0,3.0,5.0,6.0
2015-12-09,2047.619995,10162.370117,17492.300781,10.0,2.0,12.0,95.0,1.0,41.0,91.0,15.0,69.0,37.0,88.0,2.0,3.0,5.0,5.0
2015-12-10,2052.22998,10172.040039,17574.75,10.0,2.0,12.0,91.0,1.0,39.0,90.0,15.0,66.0,35.0,86.0,2.0,3.0,5.0,5.0
2015-12-11,2012.369995,9976.650391,17265.210938,9.0,2.0,11.0,91.0,1.0,39.0,80.0,15.0,59.0,34.0,91.0,2.0,3.0,4.0,5.0
2015-12-14,2021.939941,9986.759766,17368.5,9.0,2.0,11.0,93.0,1.0,46.0,85.0,16.0,63.0,32.0,89.0,2.0,3.0,4.0,5.0
2015-12-15,2043.410034,10110.94043,17524.910156,10.0,2.0,12.0,97.0,2.0,48.0,91.0,17.0,68.0,34.0,92.0,2.0,3.0,5.0,6.0
2015-12-16,2073.070068,10267.830078,17749.089844,9.0,2.0,11.0,96.0,1.0,44.0,87.0,18.0,64.0,35.0,92.0,2.0,3.0,5.0,5.0
2015-12-17,2041.890015,10112.629883,17495.839844,9.0,2.0,10.0,97.0,1.0,40.0,82.0,17.0,62.0,36.0,90.0,2.0,3.0,4.0,5.0
2015-12-18,2005.550049,9967.639648,17128.550781,8.0,2.0,8.0,94.0,1.0,33.0,71.0,16.0,55.0,33.0,91.0,2.0,3.0,3.0,5.0
2015-12-21,2021.150024,10023.030273,17251.619141,7.0,2.0,8.0,91.0,1.0,30.0,65.0,15.0,56.0,30.0,90.0,2.0,3.0,3.0,5.0
2015-12-22,2038.969971,10112.400391,17417.269531,7.0,2.0,8.0,91.0,1.0,28.0,69.0,15.0,57.0,33.0,92.0,1.0,3.0,4.0,4.0
2015-12-23,2064.290039,10276.280273,17602.609375,6.0,2.0,7.0,92.0,1.0,24.0,62.0,15.0,51.0,32.0,93.0,1.0,2.0,3.0,4.0
2015-12-24,2060.98999,10258.549805,17552.169922,5.0,1.0,6.0,90.0,1.0,21.0,59.0,12.0,36.0,27.0,78.0,1.0,2.0,3.0,2.0
2015-12-28,2056.5,10217.400391,17528.269531,6.0,1.0,7.0,95.0,1.0,27.0,70.0,13.0,52.0,32.0,89.0,1.0,2.0,3.0,4.0
2015-12-29,2078.360107,10306.599609,17720.980469,7.0,1.0,8.0,95.0,1.0,30.0,77.0,15.0,54.0,36.0,96.0,1.0,3.0,3.0,4.0
2015-12-30,2063.360107,10225.830078,17603.869141,8.0,1.0,8.0,96.0,1.0,29.0,73.0,14.0,52.0,32.0,96.0,1.0,2.0,3.0,4.0
2015-12-31,2043.939941,10143.419922,17425.029297,6.0,2.0,7.0,100.0,1.0,27.0,67.0,14.0,44.0,34.0,100.0,1.0,2.0,3.0,4.0
2016-01-04,2012.660034,10001.55957,17148.939453,8.0,2.0,9.0,91.0,2.0,50.0,85.0,16.0,68.0,44.0,99.0,2.0,3.0,4.0,5.0
2016-01-05,2016.709961,10028.05957,17158.660156,9.0,2.0,10.0,92.0,1.0,48.0,86.0,16.0,72.0,44.0,100.0,2.0,3.0,4.0,5.0
2016-01-06,1990.26001,9868.259766,16906.509766,9.0,2.0,10.0,90.0,2.0,48.0,89.0,18.0,74.0,45.0,92.0,2.0,3.0,4.0,5.0
2016-01-07,1943.089966,9650.419922,16514.099609,9.0,3.0,11.0,93.0,2.0,47.0,94.0,17.0,71.0,52.0,90.0,2.0,3.0,4.0,5.0
2016-01-08,1922.030029,9528.769531,16346.450195,8.0,2.0,11.0,91.0,2.0,39.0,92.0,18.0,67.0,48.0,93.0,2.0,3.0,4.0,5.0
2016-01-11,1923.670044,9527.660156,16398.570312,8.0,2.0,10.0,87.0,2.0,39.0,90.0,16.0,71.0,42.0,84.0,2.0,3.0,4.0,6.0
2016-01-12,1938.680054,9576.519531,16516.220703,9.0,2.0,11.0,89.0,2.0,45.0,90.0,17.0,70.0,44.0,87.0,2.0,3.0,4.0,6.0
2016-01-13,1890.280029,9374.230469,16151.410156,10.0,2.0,13.0,94.0,2.0,42.0,92.0,18.0,75.0,46.0,86.0,2.0,3.0,4.0,5.0
2016-01-14,1921.839966,9516.549805,16379.049805,10.0,3.0,12.0,100.0,2.0,38.0,87.0,26.0,72.0,44.0,83.0,2.0,3.0,4.0,6.0
2016-01-15,1880.329956,9299.620117,15988.080078,9.0,4.0,11.0,90.0,3.0,36.0,80.0,18.0,63.0,48.0,89.0,2.0,3.0,4.0,5.0
2016-01-19,1881.329956,9301.740234,16016.019531,9.0,3.0,12.0,90.0,2.0,42.0,98.0,19.0,74.0,43.0,88.0,2.0,3.0,5.0,6.0
2016-01-20,1859.329956,9156.839844,15766.740234,10.0,4.0,12.0,90.0,3.0,40.0,93.0,18.0,73.0,51.0,85.0,2.0,3.0,4.0,6.0
2016-01-21,1868.98999,9226.570312,15882.679688,10.0,3.0,13.0,91.0,2.0,43.0,96.0,17.0,74.0,49.0,83.0,2.0,3.0,4.0,6.0
2016-01-22,1906.900024,9426.910156,16093.509766,9.0,3.0,11.0,90.0,2.0,37.0,85.0,17.0,67.0,42.0,86.0,2.0,3.0,4.0,5.0
2016-01-25,1877.079956,9262.990234,15885.219727,9.0,2.0,12.0,85.0,2.0,38.0,92.0,17.0,68.0,38.0,81.0,2.0,3.0,4.0,6.0
2016-01-26,1903.630005,9429.110352,16167.230469,10.0,2.0,11.0,87.0,2.0,41.0,98.0,19.0,72.0,43.0,87.0,2.0,3.0,4.0,6.0
2016-01-27,1882.949951,9373.780273,15944.459961,10.0,2.0,11.0,94.0,2.0,41.0,97.0,17.0,76.0,42.0,87.0,2.0,3.0,5.0,6.0
2016-01-28,1893.359985,9397.790039,16069.639648,10.0,2.0,12.0,94.0,2.0,42.0,94.0,17.0,73.0,43.0,87.0,2.0,3.0,5.0,7.0
2016-01-29,1940.23999,9632.700195,16466.300781,9.0,2.0,11.0,92.0,2.0,40.0,93.0,16.0,66.0,43.0,89.0,2.0,3.0,4.0,6.0
2016-02-01,1939.380005,9616.69043,16449.179688,10.0,2.0,11.0,93.0,1.0,43.0,93.0,17.0,71.0,40.0,90.0,2.0,3.0,4.0,6.0
2016-02-02,1903.030029,9413.780273,16153.540039,11.0,2.0,12.0,90.0,1.0,51.0,94.0,17.0,72.0,40.0,92.0,2.0,3.0,5.0,6.0
2016-02-03,1912.530029,9495.209961,16336.660156,10.0,2.0,11.0,91.0,2.0,50.0,95.0,19.0,71.0,40.0,88.0,2.0,3.0,5.0,6.0
2016-02-04,1915.449951,9534.299805,16416.580078,10.0,2.0,12.0,90.0,1.0,48.0,95.0,20.0,72.0,41.0,87.0,2.0,3.0,5.0,6.0
2016-02-05,1880.050049,9390.330078,16204.969727,9.0,2.0,11.0,89.0,1.0,39.0,86.0,19.0,66.0,39.0,89.0,2.0,3.0,4.0,6.0
2016-02-08,1853.439941,9231.330078,16027.049805,9.0,2.0,12.0,90.0,2.0,40.0,93.0,17.0,70.0,40.0,85.0,2.0,3.0,4.0,6.0
2016-02-09,1852.209961,9187.790039,16014.379883,10.0,2.0,11.0,91.0,2.0,45.0,95.0,19.0,75.0,43.0,89.0,2.0,3.0,5.0,7.0
2016-02-10,1851.859985,9176.719727,15914.740234,10.0,2.0,11.0,90.0,2.0,42.0,93.0,19.0,71.0,40.0,91.0,2.0,3.0,5.0,7.0
2016-02-11,1829.079956,9029.879883,15660.179688,10.0,3.0,12.0,90.0,2.0,40.0,95.0,19.0,72.0,44.0,86.0,2.0,3.0,4.0,6.0
2016-02-12,1864.780029,9229.679688,15973.839844,9.0,2.0,11.0,85.0,2.0,35.0,83.0,16.0,62.0,43.0,89.0,2.0,3.0,4.0,6.0
2016-02-16,1895.579956,9375.389648,16196.410156,18.0,2.0,11.0,87.0,2.0,41.0,95.0,18.0,69.0,37.0,85.0,2.0,3.0,4.0,7.0
2016-02-17,1926.819946,9532.280273,16453.830078,18.0,2.0,11.0,89.0,2.0,41.0,99.0,16.0,76.0,39.0,85.0,2.0,3.0,5.0,7.0
2016-02-18,1917.829956,9504.980469,16413.429688,17.0,2.0,11.0,86.0,2.0,39.0,94.0,18.0,71.0,39.0,84.0,2.0,3.0,4.0,7.0
2016-02-19,1917.780029,9485.959961,16391.990234,15.0,2.0,10.0,87.0,1.0,38.0,85.0,18.0,64.0,37.0,85.0,2.0,3.0,4.0,6.0
2016-02-22,1945.5,9616.320312,16620.660156,12.0,2.0,12.0,84.0,1.0,44.0,97.0,18.0,75.0,38.0,83.0,2.0,3.0,4.0,7.0
2016-02-23,1921.27002,9494.320312,16431.779297,12.0,2.0,13.0,84.0,2.0,42.0,99.0,17.0,73.0,38.0,81.0,2.0,3.0,4.0,7.0
2016-02-24,1929.800049,9506.070312,16484.990234,11.0,2.0,12.0,85.0,1.0,40.0,96.0,17.0,73.0,40.0,81.0,2.0,3.0,5.0,7.0
2016-02-25,1951.699951,9625.269531,16697.289062,10.0,1.0,12.0,83.0,1.0,40.0,96.0,19.0,72.0,37.0,85.0,2.0,3.0,5.0,7.0
2016-02-26,1948.050049,9619.790039,16639.970703,10.0,2.0,10.0,86.0,1.0,37.0,89.0,16.0,69.0,35.0,87.0,2.0,3.0,4.0,6.0
2016-02-29,1932.22998,9559.530273,16516.5,9.0,1.0,12.0,86.0,1.0,38.0,95.0,17.0,70.0,36.0,87.0,2.0,3.0,4.0,7.0
2016-03-01,1978.349976,9771.0,16865.080078,11.0,2.0,12.0,88.0,2.0,47.0,95.0,17.0,77.0,37.0,92.0,2.0,3.0,4.0,7.0
2016-03-02,1986.449951,9837.589844,16899.320312,10.0,2.0,12.0,86.0,1.0,52.0,97.0,18.0,75.0,39.0,87.0,2.0,3.0,4.0,7.0
2016-03-03,1993.400024,9907.969727,16943.900391,10.0,2.0,12.0,85.0,2.0,52.0,100.0,18.0,71.0,37.0,86.0,2.0,3.0,4.0,7.0
2016-03-04,1999.98999,9968.410156,17006.769531,9.0,2.0,11.0,83.0,1.0,40.0,86.0,17.0,63.0,40.0,88.0,2.0,3.0,4.0,6.0
2016-03-07,2001.76001,10006.19043,17073.949219,9.0,1.0,12.0,84.0,1.0,42.0,98.0,17.0,72.0,39.0,85.0,2.0,3.0,4.0,7.0
2016-03-08,1979.26001,9868.519531,16964.099609,10.0,2.0,12.0,84.0,1.0,43.0,97.0,18.0,73.0,38.0,83.0,2.0,3.0,4.0,7.0
2016-03-09,1989.26001,9924.80957,17000.359375,10.0,2.0,12.0,82.0,1.0,41.0,96.0,17.0,72.0,37.0,85.0,2.0,3.0,4.0,6.0
2016-03-10,1989.569946,9918.070312,16995.130859,9.0,2.0,11.0,84.0,1.0,40.0,97.0,17.0,68.0,36.0,82.0,2.0,3.0,4.0,7.0
2016-03-11,2022.189941,10104.19043,17213.310547,9.0,2.0,10.0,84.0,1.0,35.0,86.0,18.0,62.0,38.0,87.0,2.0,3.0,4.0,6.0
2016-03-14,2019.640015,10074.269531,17229.130859,9.0,2.0,11.0,84.0,1.0,36.0,91.0,18.0,71.0,35.0,83.0,2.0,3.0,4.0,7.0
2016-03-15,2015.930054,10013.599609,17251.529297,9.0,2.0,11.0,84.0,1.0,40.0,94.0,18.0,75.0,37.0,86.0,2.0,3.0,4.0,7.0
2016-03-16,2027.219971,10084.169922,17325.759766,9.0,1.0,11.0,83.0,1.0,38.0,89.0,17.0,70.0,34.0,83.0,2.0,3.0,4.0,6.0
2016-03-17,2040.589966,10190.400391,17481.490234,9.0,1.0,11.0,84.0,1.0,40.0,90.0,19.0,71.0,39.0,82.0,2.0,3.0,4.0,6.0
2016-03-18,2049.580078,10223.429688,17602.300781,8.0,2.0,10.0,81.0,1.0,34.0,83.0,17.0,62.0,37.0,83.0,2.0,3.0,4.0,6.0
2016-03-21,2051.600098,10219.69043,17623.869141,10.0,1.0,11.0,86.0,1.0,37.0,93.0,18.0,70.0,36.0,84.0,2.0,3.0,4.0,7.0
2016-03-22,2049.800049,10194.200195,17582.570312,9.0,1.0,10.0,81.0,1.0,34.0,90.0,18.0,69.0,38.0,84.0,2.0,3.0,4.0,7.0
2016-03-23,2036.709961,10099.679688,17502.589844,8.0,1.0,10.0,84.0,1.0,35.0,90.0,17.0,71.0,37.0,82.0,2.0,3.0,4.0,6.0
2016-03-24,2035.939941,10086.599609,17515.730469,8.0,2.0,9.0,80.0,1.0,34.0,85.0,17.0,63.0,31.0,85.0,2.0,3.0,4.0,6.0
2016-03-28,2037.050049,10106.44043,17535.390625,8.0,1.0,10.0,84.0,1.0,36.0,89.0,18.0,64.0,34.0,79.0,2.0,3.0,4.0,5.0
2016-03-29,2055.01001,10190.410156,17633.109375,9.0,2.0,10.0,84.0,1.0,37.0,94.0,17.0,75.0,36.0,91.0,2.0,3.0,4.0,7.0
2016-03-30,2063.949951,10236.950195,17716.660156,9.0,2.0,10.0,84.0,1.0,37.0,94.0,18.0,74.0,35.0,87.0,2.0,3.0,4.0,6.0
2016-03-31,2059.73999,10207.370117,17685.089844,9.0,2.0,10.0,86.0,1.0,33.0,90.0,19.0,68.0,35.0,87.0,2.0,3.0,4.0,7.0
2016-04-01,2072.780029,10219.959961,17792.75,5.0,1.0,6.0,54.0,1.0,37.0,84.0,17.0,61.0,33.0,100.0,2.0,3.0,4.0,6.0
2016-04-04,2066.129883,10183.0,17737.0,6.0,1.0,7.0,55.0,1.0,42.0,95.0,17.0,70.0,35.0,97.0,2.0,3.0,4.0,7.0
2016-04-05,2045.170044,10061.080078,17603.320312,6.0,1.0,7.0,57.0,1.0,40.0,99.0,17.0,74.0,38.0,99.0,2.0,3.0,5.0,8.0
2016-04-06,2066.659912,10159.849609,17716.050781,6.0,1.0,7.0,61.0,1.0,40.0,96.0,18.0,71.0,36.0,92.0,2.0,3.0,5.0,7.0
2016-04-07,2041.910034,10045.150391,17541.960938,6.0,1.0,7.0,55.0,1.0,38.0,95.0,17.0,74.0,36.0,91.0,2.0,3.0,5.0,7.0
2016-04-08,2047.599976,10119.69043,17576.960938,5.0,1.0,6.0,54.0,1.0,34.0,86.0,19.0,64.0,36.0,88.0,2.0,3.0,4.0,6.0
2016-04-11,2041.98999,10114.580078,17556.410156,6.0,1.0,7.0,58.0,1.0,41.0,96.0,18.0,78.0,35.0,93.0,2.0,3.0,4.0,8.0
2016-04-12,2061.719971,10238.69043,17721.25,6.0,1.0,7.0,52.0,1.0,45.0,98.0,19.0,76.0,38.0,94.0,2.0,3.0,5.0,8.0
2016-04-13,2082.419922,10359.509766,17908.279297,6.0,1.0,7.0,53.0,1.0,39.0,98.0,19.0,73.0,37.0,89.0,2.0,3.0,4.0,8.0
2016-04-14,2082.780029,10360.240234,17926.429688,6.0,1.0,7.0,55.0,1.0,36.0,95.0,18.0,72.0,37.0,88.0,2.0,3.0,5.0,8.0
2016-04-15,2080.72998,10355.570312,17897.460938,5.0,1.0,6.0,53.0,1.0,35.0,89.0,19.0,66.0,35.0,97.0,2.0,3.0,4.0,8.0
2016-04-18,2094.340088,10424.929688,18004.160156,6.0,1.0,7.0,55.0,1.0,38.0,100.0,20.0,75.0,37.0,92.0,2.0,3.0,5.0,9.0
2016-04-19,2100.800049,10517.299805,18053.599609,6.0,1.0,7.0,55.0,1.0,37.0,98.0,20.0,73.0,39.0,90.0,2.0,4.0,5.0,8.0
2016-04-20,2102.399902,10527.790039,18096.269531,6.0,1.0,7.0,55.0,1.0,37.0,98.0,20.0,73.0,39.0,88.0,2.0,3.0,5.0,7.0
2016-04-21,2091.47998,10454.820312,17982.519531,6.0,1.0,7.0,56.0,1.0,36.0,96.0,20.0,69.0,39.0,86.0,2.0,3.0,5.0,6.0
2016-04-22,2091.580078,10511.0,18003.75,5.0,1.0,6.0,55.0,1.0,33.0,90.0,18.0,65.0,36.0,88.0,2.0,3.0,4.0,6.0
2016-04-25,2087.790039,10465.650391,17977.240234,6.0,1.0,7.0,54.0,1.0,38.0,96.0,19.0,70.0,35.0,87.0,2.0,3.0,5.0,7.0
2016-04-26,2091.699951,10522.580078,17990.320312,6.0,1.0,7.0,54.0,1.0,36.0,99.0,18.0,71.0,37.0,89.0,2.0,3.0,5.0,7.0
2016-04-27,2095.149902,10571.830078,18041.550781,5.0,1.0,7.0,54.0,1.0,35.0,99.0,20.0,69.0,39.0,87.0,2.0,4.0,5.0,7.0
2016-04-28,2075.810059,10480.450195,17830.759766,6.0,1.0,7.0,54.0,1.0,35.0,99.0,22.0,69.0,39.0,94.0,2.0,3.0,5.0,7.0
2016-04-29,2065.300049,10436.919922,17773.640625,5.0,1.0,6.0,56.0,1.0,35.0,90.0,21.0,60.0,40.0,94.0,2.0,3.0,4.0,7.0
2016-05-02,2081.429932,10496.330078,17891.160156,6.0,1.0,7.0,55.0,1.0,43.0,96.0,21.0,59.0,35.0,95.0,2.0,3.0,4.0,7.0
2016-05-03,2063.370117,10365.830078,17750.910156,7.0,1.0,7.0,56.0,1.0,48.0,99.0,20.0,72.0,38.0,95.0,2.0,3.0,5.0,7.0
2016-05-04,2051.120117,10286.240234,17651.259766,6.0,1.0,7.0,55.0,1.0,46.0,93.0,19.0,71.0,36.0,93.0,2.0,3.0,5.0,6.0
2016-05-05,2050.629883,10281.320312,17660.710938,5.0,1.0,8.0,58.0,1.0,38.0,92.0,20.0,67.0,35.0,86.0,2.0,3.0,4.0,6.0
2016-05-06,2057.139893,10308.830078,17740.630859,5.0,1.0,6.0,55.0,1.0,35.0,87.0,18.0,58.0,32.0,95.0,2.0,3.0,4.0,6.0
2016-05-09,2058.689941,10291.589844,17705.910156,6.0,1.0,7.0,55.0,1.0,39.0,96.0,21.0,69.0,32.0,94.0,2.0,3.0,5.0,7.0
2016-05-10,2084.389893,10424.110352,17928.349609,6.0,1.0,7.0,57.0,1.0,42.0,96.0,23.0,72.0,35.0,92.0,2.0,3.0,5.0,7.0
2016-05-11,2064.459961,10332.240234,17711.119141,6.0,1.0,7.0,55.0,1.0,37.0,97.0,21.0,69.0,34.0,92.0,2.0,3.0,5.0,6.0
2016-05-12,2064.110107,10334.379883,17720.5,6.0,1.0,7.0,57.0,1.0,34.0,90.0,20.0,67.0,35.0,89.0,2.0,3.0,4.0,6.0
2016-05-13,2046.609985,10228.05957,17535.320312,5.0,1.0,6.0,62.0,1.0,31.0,84.0,20.0,61.0,33.0,91.0,2.0,3.0,4.0,6.0
2016-05-16,2066.659912,10332.469727,17710.710938,5.0,1.0,7.0,59.0,1.0,33.0,94.0,20.0,67.0,33.0,82.0,2.0,3.0,4.0,6.0
2016-05-17,2047.209961,10257.610352,17529.980469,6.0,1.0,7.0,58.0,1.0,36.0,96.0,20.0,71.0,37.0,92.0,2.0,3.0,4.0,6.0
2016-05-18,2047.630005,10239.650391,17526.619141,6.0,1.0,7.0,58.0,1.0,35.0,95.0,17.0,67.0,34.0,87.0,2.0,3.0,4.0,6.0
2016-05-19,2040.040039,10192.480469,17435.400391,6.0,1.0,6.0,56.0,1.0,33.0,93.0,19.0,63.0,32.0,85.0,2.0,3.0,4.0,6.0
2016-05-20,2052.320068,10250.490234,17500.939453,5.0,1.0,6.0,55.0,1.0,28.0,79.0,18.0,60.0,29.0,88.0,2.0,3.0,4.0,5.0
2016-05-23,2048.040039,10226.55957,17492.929688,5.0,1.0,7.0,56.0,1.0,32.0,86.0,21.0,64.0,30.0,84.0,2.0,3.0,4.0,5.0
2016-05-24,2076.060059,10353.55957,17706.050781,5.0,1.0,7.0,59.0,1.0,32.0,88.0,20.0,68.0,32.0,88.0,2.0,3.0,4.0,6.0
2016-05-25,2090.540039,10446.580078,17851.509766,5.0,1.0,6.0,58.0,1.0,33.0,90.0,19.0,69.0,33.0,86.0,2.0,3.0,4.0,6.0
2016-05-26,2090.100098,10439.610352,17828.289062,5.0,1.0,6.0,59.0,1.0,32.0,92.0,20.0,67.0,33.0,90.0,2.0,3.0,4.0,6.0
2016-05-27,2099.060059,10469.519531,17873.220703,5.0,1.0,6.0,58.0,1.0,27.0,79.0,19.0,56.0,30.0,91.0,2.0,3.0,4.0,5.0
2016-05-31,2096.949951,10441.0,17787.199219,5.0,1.0,6.0,58.0,1.0,34.0,85.0,20.0,61.0,29.0,98.0,2.0,3.0,4.0,6.0
2016-06-01,2099.330078,10454.929688,17789.669922,6.0,1.0,6.0,58.0,1.0,40.0,85.0,20.0,67.0,31.0,95.0,2.0,3.0,4.0,5.0
2016-06-02,2105.26001,10487.580078,17838.560547,5.0,1.0,6.0,58.0,1.0,44.0,83.0,19.0,64.0,30.0,92.0,2.0,3.0,4.0,6.0
2016-06-03,2099.129883,10487.94043,17807.060547,5.0,1.0,6.0,57.0,1.0,37.0,82.0,20.0,61.0,30.0,94.0,2.0,3.0,3.0,5.0
2016-06-06,2109.409912,10554.820312,17920.330078,7.0,1.0,6.0,55.0,1.0,32.0,80.0,21.0,62.0,30.0,88.0,2.0,3.0,4.0,6.0
2016-06-07,2112.129883,10599.219727,17938.279297,7.0,1.0,6.0,58.0,1.0,32.0,87.0,20.0,67.0,32.0,90.0,2.0,3.0,4.0,6.0
2016-06-08,2119.120117,10638.360352,18005.050781,6.0,1.0,6.0,59.0,1.0,31.0,90.0,21.0,69.0,32.0,89.0,2.0,3.0,4.0,6.0
2016-06-09,2115.47998,10589.820312,17985.189453,6.0,1.0,6.0,56.0,1.0,30.0,84.0,21.0,63.0,34.0,86.0,2.0,3.0,4.0,5.0
2016-06-10,2096.070068,10446.099609,17865.339844,5.0,1.0,5.0,56.0,1.0,29.0,78.0,21.0,57.0,29.0,90.0,1.0,3.0,3.0,5.0
2016-06-13,2079.060059,10349.179688,17732.480469,5.0,1.0,5.0,57.0,1.0,31.0,77.0,19.0,62.0,31.0,84.0,2.0,3.0,4.0,6.0
2016-06-14,2075.320068,10294.589844,17674.820312,5.0,1.0,6.0,56.0,1.0,33.0,81.0,20.0,65.0,31.0,89.0,2.0,3.0,4.0,6.0
2016-06-15,2071.5,10297.160156,17640.169922,5.0,1.0,5.0,55.0,1.0,32.0,84.0,18.0,64.0,31.0,88.0,2.0,3.0,4.0,6.0
2016-06-16,2077.98999,10322.839844,17733.099609,5.0,1.0,5.0,56.0,1.0,29.0,80.0,18.0,61.0,32.0,85.0,1.0,3.0,4.0,6.0
2016-06-17,2071.219971,10347.94043,17675.160156,4.0,1.0,5.0,56.0,1.0,28.0,73.0,20.0,55.0,29.0,86.0,1.0,3.0,3.0,5.0
2016-06-20,2083.25,10450.030273,17804.869141,5.0,1.0,6.0,100.0,1.0,28.0,78.0,20.0,62.0,28.0,86.0,2.0,3.0,4.0,6.0
2016-06-21,2088.899902,10490.780273,17829.730469,5.0,1.0,6.0,63.0,1.0,29.0,85.0,22.0,68.0,31.0,90.0,2.0,3.0,4.0,6.0
2016-06-22,2085.449951,10473.05957,17780.830078,6.0,1.0,6.0,58.0,1.0,28.0,82.0,22.0,67.0,31.0,87.0,2.0,3.0,4.0,6.0
2016-06-23,2113.320068,10641.169922,18011.070312,5.0,1.0,5.0,55.0,1.0,27.0,82.0,22.0,62.0,32.0,83.0,1.0,3.0,4.0,5.0
2016-06-24,2037.410034,10183.509766,17400.75,5.0,3.0,11.0,70.0,3.0,31.0,77.0,23.0,60.0,87.0,88.0,2.0,3.0,3.0,5.0
2016-06-27,2000.540039,9973.540039,17140.240234,5.0,2.0,6.0,59.0,2.0,27.0,77.0,22.0,62.0,48.0,92.0,1.0,3.0,3.0,5.0
2016-06-28,2036.089966,10161.160156,17409.720703,5.0,2.0,6.0,59.0,2.0,29.0,83.0,19.0,66.0,41.0,92.0,1.0,3.0,4.0,6.0
2016-06-29,2070.77002,10350.530273,17694.679688,5.0,2.0,6.0,59.0,1.0,30.0,82.0,22.0,64.0,38.0,92.0,1.0,3.0,4.0,6.0
2016-06-30,2098.860107,10489.759766,17929.990234,5.0,1.0,5.0,58.0,1.0,28.0,77.0,19.0,61.0,38.0,95.0,1.0,3.0,3.0,5.0
2016-07-01,2102.949951,10515.759766,17949.369141,7.0,2.0,8.0,92.0,1.0,30.0,73.0,18.0,54.0,32.0,100.0,1.0,2.0,3.0,4.0
2016-07-05,2088.550049,10409.540039,17840.619141,8.0,1.0,8.0,92.0,1.0,31.0,76.0,20.0,60.0,33.0,98.0,1.0,3.0,3.0,7.0
2016-07-06,2099.72998,10441.580078,17918.619141,8.0,2.0,8.0,91.0,1.0,32.0,75.0,21.0,61.0,33.0,96.0,1.0,3.0,3.0,6.0
2016-07-07,2097.899902,10413.969727,17895.880859,8.0,1.0,9.0,89.0,1.0,29.0,76.0,21.0,60.0,33.0,96.0,1.0,3.0,4.0,5.0
2016-07-08,2129.899902,10571.780273,18146.740234,7.0,2.0,8.0,92.0,1.0,27.0,73.0,20.0,56.0,32.0,95.0,1.0,2.0,3.0,5.0
2016-07-11,2137.159912,10627.200195,18226.929688,8.0,2.0,8.0,94.0,2.0,30.0,81.0,20.0,65.0,37.0,89.0,1.0,3.0,4.0,6.0
2016-07-12,2152.139893,10726.790039,18347.669922,8.0,2.0,9.0,92.0,2.0,31.0,80.0,20.0,65.0,38.0,91.0,1.0,3.0,4.0,6.0
2016-07-13,2152.429932,10734.200195,18372.119141,9.0,2.0,9.0,92.0,2.0,30.0,83.0,22.0,62.0,39.0,89.0,2.0,3.0,4.0,5.0
2016-07-14,2163.75,10786.629883,18506.410156,8.0,1.0,9.0,91.0,2.0,29.0,79.0,19.0,67.0,39.0,84.0,2.0,3.0,4.0,6.0
2016-07-15,2161.73999,10773.120117,18516.550781,7.0,2.0,8.0,88.0,1.0,29.0,71.0,19.0,57.0,35.0,90.0,1.0,2.0,3.0,5.0
2016-07-18,2166.889893,10793.169922,18533.050781,8.0,1.0,8.0,92.0,2.0,32.0,77.0,21.0,66.0,37.0,90.0,2.0,3.0,4.0,6.0
2016-07-19,2163.780029,10758.540039,18559.009766,8.0,1.0,8.0,88.0,1.0,33.0,82.0,27.0,67.0,34.0,90.0,1.0,3.0,4.0,6.0
2016-07-20,2173.02002,10793.099609,18595.029297,8.0,1.0,9.0,89.0,1.0,30.0,81.0,23.0,67.0,38.0,90.0,2.0,3.0,4.0,6.0
2016-07-21,2165.169922,10758.620117,18517.230469,10.0,1.0,9.0,89.0,1.0,30.0,84.0,20.0,65.0,33.0,90.0,1.0,3.0,4.0,6.0
2016-07-22,2175.030029,10805.040039,18570.849609,9.0,1.0,8.0,85.0,1.0,26.0,76.0,20.0,57.0,32.0,91.0,1.0,2.0,3.0,5.0
2016-07-25,2168.47998,10752.429688,18493.060547,8.0,1.0,9.0,90.0,1.0,30.0,83.0,22.0,65.0,34.0,89.0,1.0,3.0,4.0,5.0
2016-07-26,2169.179932,10772.980469,18473.75,9.0,1.0,9.0,88.0,1.0,29.0,84.0,22.0,67.0,33.0,90.0,1.0,3.0,4.0,5.0
2016-07-27,2166.580078,10739.769531,18472.169922,9.0,1.0,9.0,88.0,1.0,28.0,85.0,23.0,64.0,35.0,92.0,2.0,3.0,4.0,6.0
2016-07-28,2170.060059,10744.160156,18456.349609,10.0,1.0,9.0,90.0,1.0,30.0,85.0,19.0,62.0,33.0,90.0,2.0,3.0,4.0,5.0
2016-07-29,2173.600098,10785.509766,18432.240234,9.0,1.0,8.0,88.0,1.0,26.0,77.0,20.0,60.0,32.0,93.0,1.0,2.0,4.0,5.0
2016-08-01,2170.840088,10730.200195,18404.509766,8.0,1.0,8.0,90.0,1.0,37.0,82.0,20.0,62.0,32.0,96.0,2.0,3.0,4.0,5.0
2016-08-02,2157.030029,10661.120117,18313.769531,9.0,1.0,9.0,90.0,1.0,36.0,85.0,19.0,66.0,33.0,93.0,2.0,3.0,4.0,5.0
2016-08-03,2163.790039,10695.139648,18355.0,8.0,1.0,8.0,88.0,1.0,36.0,82.0,19.0,66.0,33.0,93.0,2.0,3.0,4.0,5.0
2016-08-04,2164.25,10707.129883,18352.050781,9.0,1.0,9.0,89.0,1.0,34.0,77.0,19.0,64.0,32.0,90.0,2.0,3.0,4.0,5.0
2016-08-05,2182.870117,10782.860352,18543.529297,7.0,1.0,8.0,87.0,1.0,28.0,79.0,19.0,61.0,31.0,95.0,1.0,2.0,3.0,5.0
2016-08-08,2180.889893,10788.009766,18529.289062,8.0,1.0,8.0,85.0,1.0,31.0,83.0,19.0,63.0,31.0,88.0,1.0,3.0,4.0,5.0
2016-08-09,2181.73999,10804.509766,18533.050781,8.0,1.0,9.0,90.0,1.0,31.0,83.0,19.0,63.0,31.0,89.0,1.0,3.0,4.0,5.0
2016-08-10,2175.48999,10774.969727,18495.660156,9.0,1.0,9.0,89.0,1.0,29.0,80.0,19.0,62.0,30.0,89.0,2.0,3.0,4.0,5.0
2016-08-11,2185.790039,10836.150391,18613.519531,8.0,1.0,9.0,91.0,1.0,30.0,84.0,19.0,63.0,31.0,91.0,1.0,3.0,4.0,5.0
2016-08-12,2184.050049,10822.400391,18576.470703,8.0,1.0,8.0,89.0,1.0,26.0,77.0,18.0,57.0,32.0,90.0,1.0,2.0,3.0,5.0
2016-08-15,2190.149902,10892.150391,18636.050781,8.0,1.0,8.0,89.0,1.0,30.0,82.0,21.0,66.0,31.0,85.0,2.0,3.0,4.0,5.0
2016-08-16,2178.149902,10809.740234,18552.019531,9.0,1.0,9.0,89.0,1.0,30.0,83.0,21.0,66.0,33.0,89.0,2.0,3.0,4.0,5.0
2016-08-17,2182.219971,10824.639648,18573.939453,8.0,1.0,8.0,86.0,1.0,30.0,85.0,19.0,62.0,32.0,90.0,2.0,3.0,4.0,5.0
2016-08-18,2187.02002,10863.019531,18597.699219,8.0,1.0,9.0,88.0,1.0,28.0,82.0,19.0,64.0,33.0,87.0,2.0,3.0,4.0,5.0
2016-08-19,2183.870117,10829.150391,18552.570312,8.0,1.0,8.0,86.0,1.0,27.0,76.0,20.0,55.0,30.0,90.0,2.0,3.0,4.0,5.0
2016-08-22,2182.639893,10815.919922,18529.419922,8.0,1.0,9.0,88.0,1.0,28.0,84.0,20.0,71.0,30.0,88.0,2.0,3.0,4.0,5.0
2016-08-23,2186.899902,10847.480469,18547.300781,9.0,1.0,10.0,86.0,1.0,31.0,87.0,20.0,69.0,31.0,87.0,2.0,3.0,4.0,5.0
2016-08-24,2175.439941,10791.179688,18481.480469,8.0,1.0,9.0,86.0,1.0,30.0,89.0,21.0,65.0,32.0,86.0,2.0,3.0,4.0,5.0
2016-08-25,2172.469971,10784.370117,18448.410156,8.0,1.0,10.0,88.0,1.0,34.0,87.0,20.0,66.0,32.0,88.0,2.0,3.0,4.0,5.0
2016-08-26,2169.040039,10749.330078,18395.400391,8.0,1.0,9.0,87.0,1.0,30.0,79.0,19.0,58.0,32.0,90.0,1.0,3.0,4.0,5.0
2016-08-29,2180.379883,10811.349609,18502.990234,8.0,1.0,10.0,85.0,1.0,33.0,83.0,20.0,63.0,28.0,86.0,2.0,3.0,4.0,5.0
2016-08-30,2176.120117,10797.540039,18454.300781,9.0,1.0,10.0,84.0,1.0,37.0,89.0,18.0,67.0,32.0,92.0,2.0,3.0,4.0,6.0
2016-08-31,2170.949951,10764.75,18400.880859,9.0,1.0,10.0,87.0,1.0,36.0,87.0,19.0,67.0,32.0,90.0,2.0,3.0,4.0,6.0
2016-09-01,2170.860107,10771.929688,18419.300781,9.0,1.0,11.0,88.0,1.0,44.0,88.0,18.0,66.0,32.0,96.0,2.0,3.0,4.0,5.0
2016-09-02,2179.97998,10856.910156,18491.960938,8.0,1.0,10.0,88.0,1.0,42.0,82.0,19.0,59.0,30.0,97.0,1.0,3.0,4.0,5.0
2016-09-06,2186.47998,10890.780273,18538.119141,9.0,1.0,11.0,86.0,1.0,40.0,92.0,18.0,66.0,32.0,95.0,2.0,3.0,5.0,5.0
2016-09-07,2186.159912,10890.179688,18526.140625,9.0,1.0,11.0,90.0,1.0,41.0,94.0,19.0,69.0,35.0,93.0,2.0,3.0,5.0,6.0
2016-09-08,2181.300049,10882.339844,18479.910156,9.0,1.0,12.0,89.0,1.0,38.0,94.0,19.0,65.0,35.0,89.0,2.0,3.0,5.0,5.0
2016-09-09,2127.810059,10613.530273,18085.449219,7.0,1.0,10.0,87.0,1.0,34.0,84.0,17.0,60.0,35.0,92.0,2.0,3.0,4.0,5.0
2016-09-12,2159.040039,10741.240234,18325.070312,9.0,2.0,11.0,87.0,2.0,38.0,94.0,18.0,65.0,34.0,89.0,2.0,3.0,4.0,6.0
2016-09-13,2127.02002,10534.910156,18066.75,9.0,1.0,11.0,85.0,1.0,40.0,94.0,18.0,68.0,33.0,87.0,2.0,3.0,5.0,6.0
2016-09-14,2125.77002,10511.400391,18034.769531,9.0,1.0,11.0,85.0,1.0,41.0,97.0,19.0,69.0,34.0,86.0,2.0,3.0,5.0,6.0
2016-09-15,2147.26001,10602.94043,18212.480469,9.0,1.0,12.0,87.0,1.0,41.0,100.0,19.0,66.0,34.0,91.0,2.0,3.0,4.0,6.0
2016-09-16,2139.159912,10532.259766,18123.800781,8.0,1.0,10.0,83.0,1.0,36.0,86.0,18.0,61.0,33.0,90.0,2.0,3.0,4.0,5.0
2016-09-19,2139.120117,10564.299805,18120.169922,9.0,1.0,11.0,87.0,1.0,40.0,94.0,19.0,70.0,33.0,86.0,2.0,3.0,5.0,6.0
2016-09-20,2139.76001,10560.25,18129.960938,9.0,1.0,12.0,86.0,1.0,42.0,98.0,19.0,72.0,34.0,88.0,2.0,3.0,5.0,6.0
2016-09-21,2163.120117,10708.370117,18293.699219,9.0,1.0,12.0,85.0,1.0,41.0,97.0,19.0,68.0,33.0,84.0,2.0,3.0,5.0,6.0
2016-09-22,2177.179932,10793.660156,18392.460938,9.0,1.0,12.0,84.0,1.0,37.0,97.0,20.0,66.0,36.0,81.0,2.0,3.0,4.0,6.0
2016-09-23,2164.689941,10717.980469,18261.449219,8.0,1.0,10.0,83.0,1.0,33.0,87.0,18.0,62.0,33.0,87.0,2.0,3.0,4.0,5.0
2016-09-26,2146.100098,10624.879883,18094.830078,9.0,1.0,12.0,85.0,1.0,44.0,96.0,20.0,71.0,35.0,85.0,2.0,3.0,4.0,6.0
2016-09-27,2159.929932,10665.339844,18228.300781,14.0,1.0,13.0,85.0,1.0,43.0,95.0,18.0,73.0,37.0,87.0,2.0,3.0,5.0,6.0
2016-09-28,2171.370117,10753.450195,18339.240234,10.0,1.0,12.0,85.0,1.0,40.0,98.0,20.0,69.0,34.0,88.0,2.0,3.0,5.0,6.0
2016-09-29,2151.129883,10643.519531,18143.449219,10.0,1.0,11.0,86.0,1.0,40.0,95.0,19.0,65.0,36.0,87.0,2.0,3.0,5.0,6.0
2016-09-30,2168.27002,10721.730469,18308.150391,9.0,1.0,10.0,89.0,1.0,36.0,87.0,22.0,60.0,34.0,98.0,2.0,3.0,4.0,5.0
2016-10-03,2161.199951,10690.769531,18253.849609,8.0,1.0,10.0,75.0,1.0,40.0,71.0,14.0,48.0,24.0,96.0,2.0,3.0,5.0,6.0
2016-10-04,2150.48999,10629.150391,18168.449219,9.0,1.0,11.0,78.0,1.0,38.0,72.0,13.0,52.0,27.0,96.0,2.0,3.0,5.0,6.0
2016-10-05,2159.72998,10683.94043,18281.029297,9.0,1.0,11.0,77.0,1.0,32.0,72.0,12.0,49.0,25.0,92.0,2.0,3.0,5.0,6.0
2016-10-06,2160.77002,10675.740234,18268.5,8.0,1.0,10.0,74.0,1.0,29.0,68.0,13.0,48.0,26.0,89.0,2.0,3.0,5.0,6.0
2016-10-07,2153.73999,10626.919922,18240.490234,7.0,1.0,9.0,76.0,1.0,27.0,65.0,13.0,43.0,23.0,92.0,2.0,3.0,4.0,5.0
2016-10-10,2163.659912,10682.69043,18329.039062,9.0,1.0,10.0,75.0,1.0,27.0,69.0,12.0,46.0,22.0,87.0,2.0,3.0,4.0,5.0
2016-10-11,2136.72998,10548.0,18128.660156,9.0,1.0,11.0,76.0,1.0,30.0,71.0,14.0,45.0,26.0,92.0,2.0,3.0,5.0,6.0
2016-10-12,2139.179932,10560.269531,18144.199219,9.0,1.0,11.0,77.0,1.0,31.0,73.0,13.0,51.0,25.0,93.0,2.0,3.0,5.0,6.0
2016-10-13,2132.550049,10522.94043,18098.939453,8.0,1.0,11.0,77.0,1.0,28.0,69.0,13.0,50.0,26.0,88.0,2.0,3.0,5.0,6.0
2016-10-14,2132.97998,10521.299805,18138.380859,7.0,1.0,10.0,77.0,1.0,27.0,63.0,13.0,44.0,23.0,93.0,2.0,3.0,4.0,5.0
2016-10-17,2126.5,10492.860352,18086.400391,8.0,1.0,10.0,75.0,1.0,30.0,74.0,13.0,49.0,25.0,88.0,2.0,3.0,5.0,6.0
2016-10-18,2139.600098,10567.80957,18161.939453,9.0,1.0,11.0,77.0,1.0,28.0,70.0,13.0,51.0,27.0,91.0,3.0,3.0,5.0,6.0
2016-10-19,2144.290039,10600.910156,18202.619141,9.0,1.0,11.0,76.0,1.0,27.0,69.0,14.0,48.0,26.0,87.0,2.0,3.0,5.0,6.0
2016-10-20,2141.340088,10597.360352,18162.349609,13.0,1.0,11.0,76.0,1.0,28.0,74.0,12.0,48.0,27.0,85.0,2.0,3.0,5.0,6.0
2016-10-21,2141.159912,10571.879883,18145.710938,8.0,1.0,9.0,74.0,1.0,27.0,64.0,13.0,43.0,25.0,88.0,2.0,3.0,4.0,5.0
2016-10-24,2151.330078,10591.299805,18223.029297,9.0,1.0,11.0,76.0,1.0,28.0,69.0,12.0,51.0,26.0,85.0,2.0,3.0,5.0,6.0
2016-10-25,2143.159912,10550.19043,18169.269531,9.0,1.0,11.0,79.0,1.0,28.0,73.0,13.0,50.0,27.0,86.0,2.0,3.0,5.0,6.0
2016-10-26,2139.429932,10528.19043,18199.330078,9.0,1.0,10.0,77.0,1.0,30.0,68.0,12.0,49.0,26.0,87.0,2.0,3.0,5.0,6.0
2016-10-27,2133.040039,10503.05957,18169.679688,8.0,1.0,10.0,76.0,1.0,29.0,68.0,12.0,47.0,27.0,84.0,2.0,3.0,5.0,6.0
2016-10-28,2126.409912,10476.620117,18161.189453,7.0,1.0,9.0,76.0,1.0,25.0,62.0,12.0,40.0,25.0,88.0,2.0,3.0,4.0,5.0
2016-10-31,2126.149902,10481.889648,18142.419922,8.0,1.0,10.0,75.0,1.0,28.0,67.0,14.0,47.0,25.0,84.0,2.0,3.0,5.0,5.0
2016-11-01,2111.719971,10414.049805,18037.099609,9.0,1.0,11.0,81.0,1.0,39.0,73.0,13.0,49.0,27.0,85.0,2.0,3.0,5.0,6.0
2016-11-02,2097.939941,10334.5,17959.640625,9.0,1.0,10.0,80.0,1.0,38.0,73.0,13.0,48.0,26.0,93.0,2.0,3.0,5.0,6.0
2016-11-03,2088.659912,10307.639648,17930.669922,8.0,1.0,11.0,80.0,1.0,33.0,73.0,14.0,48.0,26.0,91.0,2.0,3.0,5.0,6.0
2016-11-04,2085.179932,10289.339844,17888.279297,7.0,1.0,10.0,75.0,1.0,29.0,67.0,14.0,43.0,26.0,94.0,2.0,3.0,4.0,5.0
2016-11-07,2131.52002,10500.160156,18259.599609,8.0,1.0,11.0,77.0,1.0,29.0,73.0,14.0,49.0,27.0,86.0,2.0,3.0,5.0,6.0
2016-11-08,2139.560059,10530.55957,18332.740234,9.0,1.0,11.0,83.0,1.0,30.0,69.0,13.0,46.0,27.0,85.0,2.0,3.0,5.0,5.0
2016-11-09,2163.26001,10643.410156,18589.689453,11.0,5.0,16.0,98.0,7.0,29.0,65.0,13.0,44.0,100.0,74.0,2.0,3.0,4.0,5.0
2016-11-10,2167.47998,10683.410156,18807.880859,11.0,3.0,13.0,100.0,3.0,29.0,68.0,12.0,47.0,48.0,88.0,2.0,3.0,5.0,6.0
2016-11-11,2164.449951,10652.240234,18847.660156,8.0,2.0,11.0,96.0,2.0,24.0,61.0,11.0,40.0,35.0,76.0,2.0,3.0,4.0,4.0
2016-11-14,2164.199951,10679.769531,18868.689453,9.0,1.0,11.0,91.0,1.0,30.0,73.0,12.0,49.0,32.0,87.0,2.0,3.0,5.0,6.0
2016-11-15,2180.389893,10745.509766,18923.060547,9.0,1.0,13.0,94.0,1.0,36.0,77.0,13.0,52.0,36.0,94.0,3.0,3.0,5.0,6.0
2016-11-16,2176.939941,10699.429688,18868.140625,9.0,1.0,11.0,91.0,1.0,31.0,78.0,12.0,49.0,35.0,89.0,2.0,3.0,5.0,6.0
2016-11-17,2187.120117,10740.080078,18903.820312,9.0,1.0,12.0,87.0,1.0,31.0,73.0,13.0,47.0,36.0,89.0,2.0,3.0,5.0,6.0
2016-11-18,2181.899902,10709.509766,18867.929688,7.0,1.0,10.0,88.0,1.0,28.0,65.0,11.0,45.0,30.0,86.0,2.0,3.0,4.0,5.0
2016-11-21,2198.179932,10791.839844,18956.689453,8.0,1.0,11.0,84.0,1.0,27.0,66.0,12.0,48.0,29.0,86.0,2.0,3.0,5.0,6.0
2016-11-22,2202.939941,10820.179688,19023.869141,9.0,1.0,10.0,84.0,2.0,26.0,68.0,12.0,49.0,32.0,85.0,2.0,3.0,5.0,6.0
2016-11-23,2204.719971,10835.900391,19083.179688,8.0,1.0,10.0,78.0,1.0,23.0,62.0,11.0,44.0,27.0,85.0,2.0,3.0,4.0,5.0
2016-11-25,2213.350098,10878.089844,19152.140625,6.0,1.0,7.0,78.0,1.0,19.0,51.0,10.0,36.0,21.0,84.0,1.0,2.0,3.0,4.0
2016-11-28,2201.719971,10808.629883,19097.900391,8.0,1.0,11.0,84.0,1.0,29.0,68.0,12.0,48.0,27.0,94.0,2.0,3.0,4.0,6.0
2016-11-29,2204.659912,10817.700195,19121.599609,9.0,1.0,11.0,85.0,1.0,28.0,73.0,11.0,49.0,28.0,90.0,2.0,3.0,5.0,6.0
2016-11-30,2198.810059,10838.480469,19123.580078,9.0,1.0,11.0,87.0,1.0,30.0,74.0,12.0,48.0,30.0,92.0,2.0,3.0,5.0,6.0
2016-12-01,2191.080078,10828.990234,19191.929688,9.0,1.0,11.0,85.0,1.0,34.0,71.0,12.0,48.0,31.0,96.0,2.0,3.0,5.0,5.0
2016-12-02,2191.949951,10838.580078,19170.419922,8.0,1.0,10.0,86.0,1.0,35.0,67.0,12.0,43.0,30.0,100.0,2.0,3.0,4.0,5.0
2016-12-05,2204.709961,10910.900391,19216.240234,9.0,1.0,11.0,85.0,1.0,31.0,70.0,11.0,49.0,28.0,93.0,2.0,3.0,4.0,6.0
2016-12-06,2212.22998,10970.780273,19251.779297,9.0,1.0,11.0,86.0,1.0,32.0,71.0,11.0,51.0,32.0,96.0,2.0,4.0,5.0,6.0
2016-12-07,2241.350098,11114.610352,19549.619141,8.0,1.0,10.0,81.0,1.0,30.0,74.0,11.0,51.0,33.0,92.0,2.0,4.0,5.0,6.0
2016-12-08,2246.189941,11149.959961,19614.810547,8.0,1.0,10.0,84.0,1.0,30.0,74.0,11.0,48.0,35.0,92.0,2.0,3.0,4.0,6.0
2016-12-09,2259.530029,11191.790039,19756.849609,7.0,1.0,10.0,80.0,1.0,25.0,63.0,11.0,43.0,31.0,94.0,2.0,3.0,4.0,5.0
2016-12-12,2256.959961,11177.269531,19796.429688,8.0,1.0,10.0,81.0,1.0,29.0,68.0,12.0,46.0,29.0,89.0,2.0,3.0,4.0,6.0
2016-12-13,2271.719971,11237.160156,19911.210938,7.0,1.0,10.0,81.0,1.0,30.0,69.0,11.0,47.0,32.0,89.0,2.0,3.0,5.0,6.0
2016-12-14,2253.280029,11098.669922,19792.529297,8.0,1.0,10.0,86.0,1.0,28.0,65.0,11.0,47.0,32.0,88.0,2.0,3.0,4.0,6.0
2016-12-15,2262.030029,11131.889648,19852.240234,7.0,2.0,9.0,82.0,1.0,29.0,64.0,10.0,45.0,29.0,94.0,2.0,3.0,4.0,5.0
2016-12-16,2258.070068,11125.219727,19843.410156,6.0,1.0,9.0,82.0,1.0,25.0,58.0,11.0,40.0,28.0,95.0,2.0,3.0,4.0,5.0
2016-12-19,2262.530029,11128.549805,19883.060547,6.0,1.0,8.0,80.0,1.0,21.0,56.0,11.0,40.0,25.0,90.0,2.0,3.0,4.0,5.0
2016-12-20,2270.76001,11172.200195,19974.619141,6.0,1.0,9.0,81.0,1.0,23.0,58.0,13.0,42.0,27.0,93.0,2.0,3.0,4.0,5.0
2016-12-21,2265.179932,11142.570312,19941.960938,6.0,1.0,10.0,81.0,1.0,21.0,55.0,12.0,42.0,29.0,93.0,2.0,3.0,4.0,5.0
2016-12-22,2260.959961,11114.139648,19918.880859,6.0,1.0,7.0,80.0,1.0,20.0,51.0,11.0,39.0,26.0,90.0,1.0,3.0,3.0,4.0
2016-12-23,2263.790039,11128.80957,19933.810547,5.0,1.0,6.0,76.0,1.0,17.0,46.0,10.0,30.0,25.0,89.0,1.0,2.0,3.0,3.0
2016-12-27,2268.879883,11146.400391,19945.039062,5.0,1.0,6.0,80.0,1.0,19.0,48.0,10.0,33.0,26.0,89.0,1.0,2.0,3.0,3.0
2016-12-28,2249.919922,11058.879883,19833.679688,6.0,1.0,7.0,87.0,1.0,19.0,51.0,10.0,36.0,28.0,92.0,1.0,2.0,3.0,4.0
2016-12-29,2249.26001,11074.330078,19819.779297,6.0,1.0,7.0,86.0,1.0,18.0,49.0,10.0,36.0,27.0,91.0,1.0,2.0,3.0,4.0
2016-12-30,2238.830078,11056.900391,19762.599609,6.0,1.0,6.0,86.0,1.0,17.0,50.0,11.0,35.0,28.0,99.0,1.0,2.0,3.0,4.0
