Date,credit,inflation,portfolio,profit,revenue
2014-01-01,64.0,1.0,2.0,2.0,2.0
2014-01-02,100.0,2.0,3.0,3.0,5.0
2014-01-03,97.0,2.0,3.0,3.0,5.0
2014-01-04,76.0,1.0,2.0,3.0,3.0
2014-01-05,64.0,1.0,2.0,3.0,2.0
2014-01-06,91.0,2.0,3.0,4.0,5.0
2014-01-07,90.0,2.0,3.0,4.0,5.0
2014-01-08,90.0,2.0,3.0,4.0,5.0
2014-01-09,85.0,2.0,3.0,4.0,5.0
2014-01-10,90.0,2.0,3.0,3.0,5.0
2014-01-11,73.0,1.0,2.0,3.0,3.0
2014-01-12,59.0,1.0,2.0,3.0,3.0
2014-01-13,88.0,2.0,3.0,4.0,6.0
2014-01-14,89.0,2.0,3.0,4.0,6.0
2014-01-15,91.0,2.0,3.0,4.0,6.0
2014-01-16,89.0,2.0,3.0,4.0,6.0
2014-01-17,92.0,2.0,3.0,4.0,5.0
2014-01-18,74.0,1.0,2.0,3.0,3.0
2014-01-19,58.0,1.0,2.0,3.0,3.0
2014-01-20,81.0,2.0,3.0,4.0,5.0
2014-01-21,87.0,2.0,3.0,4.0,6.0
2014-01-22,85.0,2.0,3.0,4.0,6.0
2014-01-23,85.0,2.0,3.0,4.0,6.0
2014-01-24,89.0,2.0,3.0,4.0,5.0
2014-01-25,68.0,1.0,2.0,3.0,3.0
2014-01-26,59.0,1.0,2.0,3.0,3.0
2014-01-27,86.0,2.0,3.0,4.0,6.0
2014-01-28,88.0,2.0,3.0,4.0,6.0
2014-01-29,90.0,2.0,3.0,5.0,7.0
2014-01-30,89.0,2.0,4.0,4.0,7.0
2014-01-31,97.0,2.0,3.0,4.0,7.0
2014-02-01,77.0,1.0,2.0,3.0,4.0
2014-02-02,59.0,1.0,2.0,3.0,4.0
2014-02-03,89.0,2.0,3.0,4.0,7.0
2014-02-04,95.0,2.0,3.0,4.0,7.0
2014-02-05,91.0,2.0,3.0,4.0,7.0
2014-02-06,89.0,2.0,3.0,4.0,7.0
2014-02-07,92.0,2.0,3.0,4.0,7.0
2014-02-08,73.0,1.0,2.0,3.0,4.0
2014-02-09,60.0,1.0,2.0,3.0,4.0
2014-02-10,86.0,2.0,3.0,4.0,7.0
2014-02-11,90.0,2.0,4.0,4.0,7.0
2014-02-12,85.0,2.0,3.0,4.0,7.0
2014-02-13,84.0,2.0,3.0,4.0,7.0
2014-02-14,85.0,2.0,3.0,3.0,6.0
2014-02-15,69.0,1.0,2.0,3.0,4.0
2014-02-16,59.0,1.0,2.0,3.0,4.0
2014-02-17,83.0,2.0,3.0,4.0,7.0
2014-02-18,87.0,2.0,4.0,4.0,7.0
2014-02-19,86.0,2.0,4.0,4.0,8.0
2014-02-20,86.0,2.0,3.0,5.0,8.0
2014-02-21,83.0,2.0,3.0,4.0,7.0
2014-02-22,71.0,1.0,2.0,3.0,4.0
2014-02-23,57.0,1.0,2.0,3.0,4.0
2014-02-24,83.0,2.0,3.0,4.0,8.0
2014-02-25,86.0,2.0,3.0,5.0,7.0
2014-02-26,90.0,2.0,3.0,5.0,8.0
2014-02-27,89.0,2.0,4.0,4.0,7.0
2014-02-28,94.0,2.0,3.0,4.0,7.0
2014-03-01,77.0,1.0,2.0,3.0,4.0
2014-03-02,62.0,2.0,2.0,3.0,4.0
2014-03-03,92.0,2.0,3.0,4.0,7.0
2014-03-04,95.0,2.0,4.0,5.0,8.0
2014-03-05,88.0,2.0,3.0,4.0,7.0
2014-03-06,85.0,2.0,3.0,4.0,7.0
2014-03-07,87.0,2.0,3.0,4.0,6.0
2014-03-08,68.0,1.0,2.0,3.0,4.0
2014-03-09,56.0,1.0,2.0,3.0,4.0
2014-03-10,86.0,2.0,4.0,4.0,7.0
2014-03-11,87.0,2.0,4.0,4.0,7.0
2014-03-12,86.0,2.0,3.0,4.0,7.0
2014-03-13,84.0,2.0,3.0,4.0,7.0
2014-03-14,88.0,2.0,3.0,4.0,6.0
2014-03-15,69.0,1.0,2.0,3.0,4.0
2014-03-16,56.0,1.0,2.0,3.0,4.0
2014-03-17,81.0,2.0,3.0,4.0,6.0
2014-03-18,86.0,3.0,3.0,5.0,7.0
2014-03-19,80.0,3.0,3.0,5.0,7.0
2014-03-20,83.0,2.0,3.0,4.0,7.0
2014-03-21,82.0,2.0,3.0,4.0,6.0
2014-03-22,68.0,2.0,2.0,3.0,4.0
2014-03-23,55.0,2.0,2.0,3.0,4.0
2014-03-24,85.0,2.0,4.0,4.0,7.0
2014-03-25,83.0,2.0,4.0,4.0,7.0
2014-03-26,87.0,2.0,3.0,4.0,7.0
2014-03-27,84.0,2.0,3.0,5.0,7.0
2014-03-28,87.0,2.0,3.0,4.0,6.0
2014-03-29,71.0,1.0,2.0,3.0,4.0
2014-03-30,56.0,2.0,2.0,3.0,4.0
2014-03-31,87.0,2.0,4.0,4.0,8.0
2014-04-01,99.0,2.0,4.0,5.0,8.0
2014-04-02,95.0,2.0,3.0,5.0,7.0
2014-04-03,91.0,2.0,3.0,5.0,7.0
2014-04-04,95.0,2.0,3.0,4.0,7.0
2014-04-05,75.0,1.0,2.0,3.0,4.0
2014-04-06,63.0,1.0,2.0,3.0,4.0
2014-04-07,92.0,2.0,3.0,4.0,8.0
2014-04-08,92.0,2.0,3.0,4.0,8.0
2014-04-09,92.0,2.0,3.0,5.0,8.0
2014-04-10,91.0,2.0,3.0,4.0,8.0
2014-04-11,90.0,2.0,3.0,4.0,7.0
2014-04-12,72.0,1.0,2.0,3.0,4.0
2014-04-13,61.0,1.0,2.0,3.0,5.0
2014-04-14,94.0,2.0,3.0,4.0,11.0
2014-04-15,97.0,2.0,3.0,5.0,12.0
2014-04-16,92.0,2.0,3.0,5.0,8.0
2014-04-17,90.0,2.0,3.0,4.0,7.0
2014-04-18,90.0,1.0,3.0,3.0,5.0
2014-04-19,68.0,1.0,2.0,3.0,3.0
2014-04-20,50.0,2.0,2.0,3.0,3.0
2014-04-21,80.0,2.0,3.0,4.0,6.0
2014-04-22,94.0,2.0,3.0,5.0,7.0
2014-04-23,90.0,2.0,4.0,5.0,7.0
2014-04-24,89.0,2.0,4.0,4.0,7.0
2014-04-25,92.0,2.0,3.0,4.0,6.0
2014-04-26,73.0,1.0,2.0,3.0,4.0
2014-04-27,59.0,2.0,2.0,3.0,4.0
2014-04-28,92.0,2.0,4.0,5.0,7.0
2014-04-29,92.0,2.0,4.0,5.0,8.0
2014-04-30,93.0,2.0,3.0,4.0,8.0
2014-05-01,92.0,2.0,3.0,4.0,7.0
2014-05-02,100.0,2.0,3.0,4.0,6.0
2014-05-03,72.0,1.0,2.0,3.0,3.0
2014-05-04,61.0,2.0,2.0,3.0,3.0
2014-05-05,95.0,2.0,3.0,4.0,6.0
2014-05-06,95.0,2.0,4.0,4.0,7.0
2014-05-07,90.0,2.0,4.0,4.0,6.0
2014-05-08,78.0,2.0,3.0,4.0,6.0
2014-05-09,90.0,2.0,3.0,3.0,6.0
2014-05-10,70.0,1.0,2.0,3.0,3.0
2014-05-11,54.0,2.0,2.0,3.0,3.0
2014-05-12,90.0,2.0,3.0,4.0,6.0
2014-05-13,91.0,2.0,4.0,4.0,6.0
2014-05-14,87.0,2.0,4.0,4.0,6.0
2014-05-15,90.0,2.0,3.0,4.0,6.0
2014-05-16,88.0,2.0,3.0,4.0,5.0
2014-05-17,67.0,1.0,2.0,3.0,3.0
2014-05-18,58.0,1.0,2.0,3.0,3.0
2014-05-19,87.0,2.0,3.0,4.0,5.0
2014-05-20,89.0,2.0,3.0,4.0,6.0
2014-05-21,85.0,2.0,3.0,4.0,6.0
2014-05-22,83.0,2.0,3.0,4.0,6.0
2014-05-23,87.0,2.0,3.0,3.0,5.0
2014-05-24,66.0,1.0,2.0,3.0,2.0
2014-05-25,52.0,1.0,2.0,3.0,2.0
2014-05-26,69.0,2.0,3.0,3.0,4.0
2014-05-27,94.0,2.0,4.0,4.0,6.0
2014-05-28,90.0,2.0,4.0,4.0,6.0
2014-05-29,81.0,2.0,4.0,4.0,6.0
2014-05-30,91.0,2.0,3.0,3.0,5.0
2014-05-31,71.0,1.0,2.0,3.0,3.0
2014-06-01,62.0,2.0,2.0,3.0,3.0
2014-06-02,95.0,2.0,3.0,4.0,5.0
2014-06-03,93.0,2.0,3.0,4.0,6.0
2014-06-04,88.0,2.0,3.0,4.0,5.0
2014-06-05,92.0,2.0,3.0,4.0,6.0
2014-06-06,88.0,2.0,3.0,4.0,5.0
2014-06-07,70.0,2.0,2.0,2.0,3.0
2014-06-08,54.0,1.0,2.0,2.0,3.0
2014-06-09,82.0,2.0,3.0,4.0,6.0
2014-06-10,92.0,2.0,3.0,4.0,6.0
2014-06-11,88.0,2.0,3.0,4.0,6.0
2014-06-12,84.0,2.0,3.0,4.0,6.0
2014-06-13,87.0,1.0,3.0,4.0,5.0
2014-06-14,66.0,1.0,2.0,3.0,3.0
2014-06-15,55.0,1.0,2.0,3.0,2.0
2014-06-16,86.0,2.0,3.0,3.0,6.0
2014-06-17,90.0,2.0,3.0,4.0,6.0
2014-06-18,84.0,2.0,3.0,4.0,6.0
2014-06-19,86.0,2.0,3.0,4.0,6.0
2014-06-20,86.0,1.0,3.0,3.0,5.0
2014-06-21,68.0,1.0,2.0,2.0,3.0
2014-06-22,56.0,1.0,2.0,3.0,2.0
2014-06-23,86.0,2.0,3.0,4.0,6.0
2014-06-24,89.0,2.0,3.0,4.0,6.0
2014-06-25,88.0,2.0,3.0,4.0,5.0
2014-06-26,85.0,1.0,3.0,3.0,5.0
2014-06-27,92.0,1.0,3.0,3.0,5.0
2014-06-28,72.0,1.0,2.0,2.0,3.0
2014-06-29,61.0,1.0,2.0,3.0,2.0
2014-06-30,95.0,1.0,3.0,4.0,5.0
2014-07-01,92.0,2.0,3.0,3.0,5.0
2014-07-02,91.0,1.0,3.0,3.0,5.0
2014-07-03,92.0,1.0,3.0,3.0,5.0
2014-07-04,69.0,1.0,2.0,3.0,4.0
2014-07-05,65.0,1.0,2.0,2.0,2.0
2014-07-06,60.0,1.0,2.0,2.0,2.0
2014-07-07,91.0,2.0,3.0,3.0,5.0
2014-07-08,92.0,1.0,3.0,4.0,5.0
2014-07-09,89.0,1.0,3.0,4.0,6.0
2014-07-10,88.0,1.0,3.0,4.0,5.0
2014-07-11,89.0,1.0,3.0,3.0,5.0
2014-07-12,69.0,1.0,2.0,3.0,2.0
2014-07-13,55.0,1.0,2.0,2.0,2.0
2014-07-14,79.0,1.0,3.0,3.0,6.0
2014-07-15,93.0,2.0,3.0,4.0,6.0
2014-07-16,88.0,2.0,3.0,4.0,5.0
2014-07-17,85.0,2.0,3.0,4.0,5.0
2014-07-18,87.0,1.0,2.0,3.0,5.0
2014-07-19,70.0,1.0,2.0,2.0,2.0
2014-07-20,60.0,1.0,2.0,3.0,2.0
2014-07-21,88.0,1.0,3.0,4.0,6.0
2014-07-22,87.0,1.0,3.0,3.0,5.0
2014-07-23,83.0,2.0,3.0,4.0,5.0
2014-07-24,87.0,2.0,3.0,4.0,5.0
2014-07-25,88.0,1.0,2.0,3.0,5.0
2014-07-26,71.0,1.0,2.0,2.0,2.0
2014-07-27,59.0,1.0,2.0,2.0,2.0
2014-07-28,94.0,1.0,3.0,3.0,5.0
2014-07-29,94.0,1.0,3.0,4.0,5.0
2014-07-30,91.0,1.0,3.0,4.0,6.0
2014-07-31,94.0,2.0,3.0,4.0,6.0
2014-08-01,99.0,1.0,3.0,3.0,5.0
2014-08-02,78.0,1.0,2.0,2.0,3.0
2014-08-03,65.0,1.0,2.0,3.0,2.0
2014-08-04,91.0,1.0,3.0,3.0,4.0
2014-08-05,100.0,2.0,3.0,4.0,5.0
2014-08-06,89.0,1.0,3.0,4.0,5.0
2014-08-07,89.0,2.0,3.0,3.0,5.0
2014-08-08,94.0,1.0,2.0,3.0,5.0
2014-08-09,71.0,1.0,2.0,2.0,2.0
2014-08-10,58.0,1.0,2.0,2.0,2.0
2014-08-11,88.0,1.0,3.0,3.0,5.0
2014-08-12,86.0,2.0,3.0,4.0,5.0
2014-08-13,85.0,2.0,3.0,4.0,5.0
2014-08-14,86.0,2.0,3.0,4.0,5.0
2014-08-15,85.0,1.0,3.0,3.0,4.0
2014-08-16,72.0,1.0,2.0,2.0,2.0
2014-08-17,58.0,1.0,2.0,3.0,2.0
2014-08-18,90.0,2.0,3.0,3.0,5.0
2014-08-19,88.0,2.0,3.0,4.0,5.0
2014-08-20,87.0,2.0,3.0,3.0,5.0
2014-08-21,88.0,2.0,3.0,4.0,5.0
2014-08-22,87.0,2.0,3.0,3.0,4.0
2014-08-23,70.0,1.0,2.0,3.0,2.0
2014-08-24,57.0,1.0,2.0,3.0,2.0
2014-08-25,85.0,1.0,3.0,4.0,5.0
2014-08-26,88.0,1.0,3.0,4.0,5.0
2014-08-27,88.0,2.0,3.0,4.0,5.0
2014-08-28,86.0,2.0,3.0,4.0,5.0
2014-08-29,93.0,1.0,3.0,3.0,4.0
2014-08-30,71.0,1.0,2.0,2.0,2.0
2014-08-31,57.0,1.0,2.0,2.0,2.0
2014-09-01,76.0,1.0,3.0,3.0,3.0
2014-09-02,96.0,2.0,3.0,4.0,5.0
2014-09-03,94.0,2.0,3.0,4.0,5.0
2014-09-04,91.0,2.0,3.0,4.0,5.0
2014-09-05,90.0,1.0,3.0,3.0,5.0
2014-09-06,72.0,1.0,2.0,3.0,3.0
2014-09-07,58.0,1.0,2.0,3.0,3.0
2014-09-08,86.0,2.0,3.0,4.0,5.0
2014-09-09,87.0,2.0,3.0,4.0,5.0
2014-09-10,86.0,2.0,3.0,4.0,6.0
2014-09-11,83.0,2.0,3.0,4.0,5.0
2014-09-12,89.0,2.0,3.0,4.0,5.0
2014-09-13,69.0,1.0,2.0,3.0,3.0
2014-09-14,57.0,2.0,2.0,3.0,3.0
2014-09-15,87.0,2.0,3.0,4.0,6.0
2014-09-16,86.0,2.0,3.0,4.0,6.0
2014-09-17,84.0,2.0,3.0,4.0,6.0
2014-09-18,81.0,2.0,3.0,4.0,5.0
2014-09-19,87.0,2.0,3.0,4.0,5.0
2014-09-20,66.0,1.0,2.0,3.0,3.0
2014-09-21,55.0,2.0,2.0,3.0,3.0
2014-09-22,83.0,2.0,3.0,4.0,6.0
2014-09-23,84.0,2.0,3.0,5.0,6.0
2014-09-24,84.0,2.0,3.0,4.0,5.0
2014-09-25,85.0,2.0,3.0,4.0,6.0
2014-09-26,88.0,2.0,3.0,4.0,5.0
2014-09-27,69.0,1.0,2.0,3.0,3.0
2014-09-28,57.0,1.0,2.0,3.0,3.0
2014-09-29,87.0,2.0,3.0,4.0,5.0
2014-09-30,93.0,2.0,3.0,4.0,6.0
2014-10-01,96.0,2.0,3.0,4.0,6.0
2014-10-02,93.0,2.0,3.0,4.0,5.0
2014-10-03,92.0,2.0,3.0,4.0,5.0
2014-10-04,73.0,1.0,2.0,2.0,3.0
2014-10-05,60.0,1.0,2.0,3.0,3.0
2014-10-06,91.0,2.0,4.0,4.0,6.0
2014-10-07,95.0,2.0,3.0,5.0,6.0
2014-10-08,87.0,2.0,3.0,5.0,6.0
2014-10-09,85.0,2.0,3.0,5.0,6.0
2014-10-10,92.0,2.0,3.0,4.0,5.0
2014-10-11,71.0,1.0,2.0,3.0,3.0
2014-10-12,58.0,2.0,2.0,3.0,3.0
2014-10-13,82.0,2.0,3.0,4.0,5.0
2014-10-14,87.0,2.0,3.0,5.0,6.0
2014-10-15,90.0,2.0,3.0,5.0,6.0
2014-10-16,87.0,2.0,3.0,5.0,6.0
2014-10-17,89.0,2.0,3.0,4.0,5.0
2014-10-18,67.0,1.0,2.0,3.0,2.0
2014-10-19,56.0,2.0,2.0,3.0,3.0
2014-10-20,89.0,2.0,3.0,5.0,6.0
2014-10-21,87.0,2.0,4.0,5.0,6.0
2014-10-22,86.0,2.0,4.0,5.0,5.0
2014-10-23,82.0,2.0,3.0,4.0,5.0
2014-10-24,88.0,2.0,3.0,4.0,5.0
2014-10-25,69.0,1.0,2.0,3.0,3.0
2014-10-26,58.0,1.0,2.0,3.0,3.0
2014-10-27,89.0,2.0,3.0,4.0,5.0
2014-10-28,90.0,2.0,3.0,5.0,6.0
2014-10-29,87.0,2.0,3.0,5.0,6.0
2014-10-30,88.0,2.0,3.0,5.0,6.0
2014-10-31,90.0,2.0,3.0,4.0,5.0
2014-11-01,71.0,1.0,2.0,3.0,2.0
2014-11-02,62.0,2.0,2.0,3.0,3.0
2014-11-03,97.0,2.0,3.0,5.0,6.0
2014-11-04,94.0,2.0,4.0,5.0,5.0
2014-11-05,92.0,2.0,3.0,5.0,6.0
2014-11-06,91.0,2.0,3.0,5.0,6.0
2014-11-07,94.0,2.0,3.0,4.0,5.0
2014-11-08,73.0,1.0,2.0,3.0,3.0
2014-11-09,58.0,2.0,3.0,3.0,3.0
2014-11-10,89.0,2.0,3.0,5.0,6.0
2014-11-11,77.0,2.0,3.0,5.0,5.0
2014-11-12,91.0,2.0,3.0,5.0,6.0
2014-11-13,88.0,2.0,3.0,5.0,5.0
2014-11-14,92.0,2.0,3.0,4.0,5.0
2014-11-15,77.0,1.0,2.0,3.0,3.0
2014-11-16,60.0,2.0,2.0,3.0,3.0
2014-11-17,89.0,2.0,3.0,5.0,6.0
2014-11-18,90.0,2.0,3.0,5.0,6.0
2014-11-19,86.0,2.0,3.0,5.0,5.0
2014-11-20,86.0,2.0,3.0,5.0,6.0
2014-11-21,91.0,2.0,3.0,4.0,5.0
2014-11-22,73.0,1.0,2.0,3.0,3.0
2014-11-23,58.0,1.0,2.0,3.0,3.0
2014-11-24,87.0,2.0,3.0,4.0,6.0
2014-11-25,87.0,2.0,3.0,4.0,5.0
2014-11-26,90.0,2.0,3.0,4.0,5.0
2014-11-27,68.0,2.0,3.0,4.0,4.0
2014-11-28,89.0,2.0,3.0,3.0,4.0
2014-11-29,74.0,1.0,2.0,3.0,3.0
2014-11-30,63.0,2.0,2.0,3.0,3.0
2014-12-01,100.0,2.0,4.0,4.0,5.0
2014-12-02,98.0,2.0,4.0,5.0,6.0
2014-12-03,92.0,2.0,3.0,5.0,6.0
2014-12-04,96.0,2.0,3.0,4.0,5.0
2014-12-05,94.0,2.0,3.0,4.0,5.0
2014-12-06,76.0,1.0,2.0,3.0,3.0
2014-12-07,62.0,2.0,2.0,3.0,3.0
2014-12-08,93.0,2.0,3.0,4.0,5.0
2014-12-09,91.0,2.0,3.0,5.0,5.0
2014-12-10,88.0,2.0,4.0,5.0,5.0
2014-12-11,88.0,2.0,3.0,4.0,5.0
2014-12-12,90.0,2.0,3.0,4.0,5.0
2014-12-13,73.0,1.0,2.0,3.0,2.0
2014-12-14,60.0,2.0,2.0,3.0,2.0
2014-12-15,92.0,2.0,3.0,4.0,5.0
2014-12-16,92.0,2.0,3.0,4.0,5.0
2014-12-17,91.0,2.0,3.0,4.0,5.0
2014-12-18,89.0,2.0,3.0,4.0,5.0
2014-12-19,95.0,2.0,3.0,3.0,4.0
2014-12-20,76.0,1.0,2.0,2.0,2.0
2014-12-21,61.0,1.0,2.0,2.0,2.0
2014-12-22,90.0,1.0,2.0,3.0,4.0
2014-12-23,92.0,1.0,2.0,3.0,4.0
2014-12-24,79.0,1.0,2.0,2.0,3.0
2014-12-25,46.0,1.0,1.0,2.0,2.0
2014-12-26,85.0,1.0,2.0,2.0,2.0
2014-12-27,77.0,1.0,2.0,2.0,2.0
2014-12-28,63.0,1.0,2.0,2.0,2.0
2014-12-29,93.0,1.0,2.0,3.0,4.0
2014-12-30,97.0,1.0,2.0,3.0,4.0
2014-12-31,95.0,1.0,2.0,3.0,4.0
2015-01-01,66.0,1.0,2.0,2.0,2.0
2015-01-02,100.0,1.0,2.0,3.0,4.0
2015-01-03,81.0,1.0,2.0,3.0,3.0
2015-01-04,67.0,1.0,2.0,3.0,3.0
2015-01-05,97.0,2.0,3.0,3.0,6.0
2015-01-06,95.0,2.0,3.0,4.0,6.0
2015-01-07,88.0,2.0,3.0,4.0,6.0
2015-01-08,89.0,2.0,3.0,4.0,6.0
2015-01-09,89.0,2.0,3.0,3.0,5.0
2015-01-10,74.0,1.0,2.0,3.0,3.0
2015-01-11,60.0,1.0,2.0,3.0,3.0
2015-01-12,90.0,2.0,3.0,4.0,6.0
2015-01-13,88.0,2.0,3.0,4.0,6.0
2015-01-14,87.0,2.0,3.0,4.0,6.0
2015-01-15,90.0,2.0,3.0,4.0,6.0
2015-01-16,92.0,2.0,3.0,4.0,5.0
2015-01-17,75.0,1.0,2.0,3.0,3.0
2015-01-18,58.0,1.0,2.0,3.0,3.0
2015-01-19,81.0,2.0,3.0,4.0,6.0
2015-01-20,93.0,2.0,3.0,4.0,7.0
2015-01-21,90.0,2.0,4.0,4.0,6.0
2015-01-22,89.0,3.0,3.0,4.0,6.0
2015-01-23,94.0,2.0,3.0,4.0,6.0
2015-01-24,74.0,2.0,2.0,3.0,3.0
2015-01-25,61.0,1.0,2.0,3.0,3.0
2015-01-26,85.0,2.0,3.0,4.0,6.0
2015-01-27,89.0,2.0,3.0,5.0,6.0
2015-01-28,91.0,2.0,3.0,5.0,7.0
2015-01-29,89.0,2.0,3.0,5.0,7.0
2015-01-30,97.0,2.0,3.0,4.0,7.0
2015-01-31,80.0,1.0,2.0,3.0,4.0
2015-02-01,63.0,2.0,2.0,3.0,4.0
2015-02-02,92.0,2.0,3.0,4.0,6.0
2015-02-03,95.0,2.0,3.0,5.0,7.0
2015-02-04,94.0,2.0,4.0,5.0,7.0
2015-02-05,94.0,2.0,3.0,4.0,7.0
2015-02-06,99.0,2.0,3.0,4.0,6.0
2015-02-07,78.0,1.0,2.0,3.0,4.0
2015-02-08,63.0,2.0,2.0,3.0,4.0
2015-02-09,91.0,2.0,3.0,4.0,7.0
2015-02-10,93.0,2.0,4.0,4.0,7.0
2015-02-11,94.0,2.0,3.0,5.0,7.0
2015-02-12,91.0,2.0,3.0,4.0,7.0
2015-02-13,94.0,2.0,3.0,4.0,7.0
2015-02-14,72.0,1.0,2.0,3.0,3.0
2015-02-15,61.0,1.0,2.0,3.0,3.0
2015-02-16,86.0,2.0,3.0,4.0,6.0
2015-02-17,92.0,2.0,3.0,4.0,7.0
2015-02-18,90.0,2.0,3.0,4.0,7.0
2015-02-19,89.0,2.0,3.0,4.0,7.0
2015-02-20,92.0,2.0,3.0,4.0,7.0
2015-02-21,73.0,1.0,2.0,3.0,4.0
2015-02-22,58.0,1.0,2.0,3.0,4.0
2015-02-23,88.0,2.0,3.0,4.0,7.0
2015-02-24,89.0,2.0,3.0,5.0,7.0
2015-02-25,90.0,2.0,4.0,5.0,7.0
2015-02-26,92.0,2.0,4.0,5.0,7.0
2015-02-27,95.0,2.0,3.0,4.0,7.0
2015-02-28,78.0,1.0,2.0,3.0,4.0
2015-03-01,64.0,2.0,2.0,3.0,4.0
2015-03-02,99.0,2.0,3.0,5.0,8.0
2015-03-03,95.0,2.0,3.0,5.0,8.0
2015-03-04,90.0,2.0,3.0,4.0,7.0
2015-03-05,92.0,2.0,3.0,4.0,7.0
2015-03-06,92.0,2.0,3.0,4.0,6.0
2015-03-07,75.0,1.0,2.0,3.0,4.0
2015-03-08,60.0,2.0,2.0,3.0,4.0
2015-03-09,90.0,2.0,3.0,4.0,7.0
2015-03-10,94.0,2.0,4.0,4.0,7.0
2015-03-11,90.0,2.0,4.0,5.0,7.0
2015-03-12,86.0,2.0,4.0,4.0,7.0
2015-03-13,89.0,2.0,3.0,4.0,6.0
2015-03-14,72.0,1.0,2.0,3.0,4.0
2015-03-15,59.0,2.0,2.0,3.0,4.0
2015-03-16,90.0,2.0,3.0,4.0,7.0
2015-03-17,87.0,2.0,4.0,4.0,7.0
2015-03-18,84.0,2.0,3.0,4.0,7.0
2015-03-19,87.0,2.0,3.0,4.0,7.0
2015-03-20,86.0,2.0,3.0,4.0,6.0
2015-03-21,70.0,1.0,2.0,3.0,4.0
2015-03-22,57.0,2.0,2.0,3.0,4.0
2015-03-23,86.0,2.0,3.0,4.0,7.0
2015-03-24,91.0,3.0,3.0,4.0,7.0
2015-03-25,85.0,2.0,4.0,5.0,7.0
2015-03-26,91.0,2.0,3.0,4.0,7.0
2015-03-27,94.0,2.0,3.0,4.0,6.0
2015-03-28,74.0,1.0,2.0,3.0,4.0
2015-03-29,60.0,1.0,2.0,3.0,4.0
2015-03-30,91.0,2.0,3.0,4.0,7.0
2015-03-31,98.0,2.0,3.0,4.0,8.0
2015-04-01,99.0,2.0,3.0,4.0,7.0
2015-04-02,100.0,2.0,3.0,4.0,7.0
2015-04-03,99.0,1.0,2.0,4.0,5.0
2015-04-04,75.0,1.0,2.0,3.0,3.0
2015-04-05,55.0,1.0,2.0,3.0,3.0
2015-04-06,86.0,2.0,3.0,4.0,6.0
2015-04-07,99.0,2.0,3.0,5.0,7.0
2015-04-08,96.0,2.0,3.0,4.0,8.0
2015-04-09,93.0,2.0,3.0,4.0,8.0
2015-04-10,97.0,2.0,3.0,4.0,7.0
2015-04-11,75.0,1.0,2.0,3.0,4.0
2015-04-12,62.0,2.0,2.0,3.0,5.0
2015-04-13,94.0,2.0,4.0,5.0,9.0
2015-04-14,94.0,2.0,3.0,5.0,10.0
2015-04-15,99.0,2.0,3.0,5.0,11.0
2015-04-16,91.0,2.0,4.0,5.0,7.0
2015-04-17,90.0,2.0,3.0,4.0,6.0
2015-04-18,71.0,1.0,2.0,3.0,3.0
2015-04-19,60.0,2.0,2.0,4.0,4.0
2015-04-20,92.0,2.0,4.0,4.0,8.0
2015-04-21,91.0,2.0,4.0,5.0,7.0
2015-04-22,90.0,2.0,3.0,5.0,7.0
2015-04-23,91.0,2.0,3.0,5.0,7.0
2015-04-24,93.0,2.0,3.0,5.0,6.0
2015-04-25,73.0,1.0,2.0,3.0,4.0
2015-04-26,61.0,2.0,2.0,3.0,4.0
2015-04-27,92.0,2.0,4.0,5.0,7.0
2015-04-28,94.0,2.0,3.0,5.0,8.0
2015-04-29,90.0,2.0,3.0,5.0,7.0
2015-04-30,96.0,2.0,3.0,4.0,7.0
2015-05-01,99.0,2.0,3.0,4.0,6.0
2015-05-02,75.0,1.0,2.0,3.0,3.0
2015-05-03,61.0,2.0,2.0,3.0,3.0
2015-05-04,96.0,2.0,3.0,4.0,6.0
2015-05-05,99.0,2.0,3.0,5.0,7.0
2015-05-06,94.0,2.0,4.0,5.0,6.0
2015-05-07,92.0,2.0,3.0,4.0,7.0
2015-05-08,85.0,2.0,3.0,4.0,6.0
2015-05-09,72.0,1.0,2.0,3.0,3.0
2015-05-10,58.0,2.0,2.0,3.0,3.0
2015-05-11,94.0,2.0,4.0,5.0,6.0
2015-05-12,93.0,2.0,4.0,5.0,6.0
2015-05-13,91.0,2.0,4.0,5.0,6.0
2015-05-14,85.0,2.0,3.0,5.0,6.0
2015-05-15,94.0,2.0,3.0,4.0,6.0
2015-05-16,72.0,1.0,2.0,3.0,3.0
2015-05-17,61.0,1.0,2.0,3.0,3.0
2015-05-18,92.0,2.0,3.0,4.0,6.0
2015-05-19,93.0,3.0,3.0,5.0,6.0
2015-05-20,90.0,2.0,4.0,4.0,6.0
2015-05-21,91.0,2.0,3.0,4.0,6.0
2015-05-22,90.0,2.0,3.0,4.0,5.0
2015-05-23,70.0,1.0,2.0,3.0,2.0
2015-05-24,54.0,1.0,2.0,3.0,2.0
2015-05-25,64.0,2.0,2.0,4.0,4.0
2015-05-26,96.0,2.0,3.0,4.0,6.0
2015-05-27,95.0,2.0,3.0,4.0,6.0
2015-05-28,95.0,2.0,3.0,4.0,6.0
2015-05-29,96.0,1.0,3.0,4.0,5.0
2015-05-30,74.0,1.0,2.0,3.0,3.0
2015-05-31,60.0,1.0,2.0,3.0,3.0
2015-06-01,98.0,2.0,3.0,4.0,5.0
2015-06-02,98.0,2.0,3.0,4.0,6.0
2015-06-03,96.0,2.0,4.0,4.0,6.0
2015-06-04,93.0,2.0,3.0,4.0,6.0
2015-06-05,96.0,2.0,3.0,4.0,5.0
2015-06-06,74.0,1.0,2.0,3.0,3.0
2015-06-07,60.0,1.0,2.0,3.0,3.0
2015-06-08,91.0,2.0,3.0,4.0,6.0
2015-06-09,94.0,2.0,3.0,4.0,6.0
2015-06-10,94.0,2.0,3.0,4.0,6.0
2015-06-11,91.0,2.0,3.0,4.0,6.0
2015-06-12,93.0,2.0,3.0,4.0,5.0
2015-06-13,76.0,1.0,2.0,3.0,3.0
2015-06-14,63.0,1.0,2.0,3.0,3.0
2015-06-15,95.0,2.0,3.0,4.0,6.0
2015-06-16,97.0,2.0,3.0,4.0,6.0
2015-06-17,91.0,2.0,3.0,4.0,6.0
2015-06-18,93.0,2.0,3.0,4.0,6.0
2015-06-19,95.0,1.0,3.0,4.0,5.0
2015-06-20,75.0,1.0,2.0,3.0,3.0
2015-06-21,61.0,1.0,2.0,3.0,3.0
2015-06-22,91.0,1.0,3.0,4.0,6.0
2015-06-23,92.0,1.0,3.0,4.0,6.0
2015-06-24,91.0,1.0,3.0,4.0,6.0
2015-06-25,94.0,1.0,3.0,4.0,6.0
2015-06-26,93.0,1.0,3.0,3.0,5.0
2015-06-27,76.0,1.0,2.0,2.0,3.0
2015-06-28,62.0,1.0,2.0,3.0,3.0
2015-06-29,96.0,2.0,3.0,4.0,6.0
2015-06-30,100.0,1.0,3.0,4.0,6.0
2015-07-01,97.0,1.0,3.0,4.0,5.0
2015-07-02,98.0,1.0,3.0,3.0,5.0
2015-07-03,87.0,1.0,2.0,3.0,4.0
2015-07-04,63.0,1.0,1.0,2.0,2.0
2015-07-05,58.0,1.0,2.0,3.0,3.0
2015-07-06,95.0,1.0,3.0,3.0,5.0
2015-07-07,96.0,1.0,3.0,4.0,5.0
2015-07-08,94.0,1.0,3.0,4.0,6.0
2015-07-09,92.0,1.0,3.0,4.0,5.0
2015-07-10,92.0,1.0,3.0,3.0,5.0
2015-07-11,72.0,1.0,2.0,3.0,3.0
2015-07-12,58.0,1.0,2.0,3.0,3.0
2015-07-13,88.0,1.0,3.0,4.0,6.0
2015-07-14,82.0,2.0,3.0,4.0,6.0
2015-07-15,95.0,1.0,3.0,4.0,6.0
2015-07-16,90.0,1.0,3.0,4.0,6.0
2015-07-17,93.0,1.0,3.0,3.0,4.0
2015-07-18,74.0,1.0,2.0,3.0,3.0
2015-07-19,60.0,1.0,2.0,3.0,2.0
2015-07-20,96.0,1.0,3.0,4.0,6.0
2015-07-21,93.0,2.0,3.0,4.0,6.0
2015-07-22,90.0,1.0,3.0,4.0,5.0
2015-07-23,88.0,1.0,3.0,4.0,5.0
2015-07-24,89.0,1.0,2.0,3.0,5.0
2015-07-25,72.0,1.0,2.0,3.0,3.0
2015-07-26,60.0,1.0,2.0,3.0,2.0
2015-07-27,90.0,1.0,3.0,4.0,5.0
2015-07-28,92.0,1.0,3.0,4.0,5.0
2015-07-29,90.0,2.0,3.0,4.0,5.0
2015-07-30,91.0,1.0,3.0,4.0,5.0
2015-07-31,100.0,1.0,2.0,3.0,5.0
2015-08-01,77.0,1.0,2.0,3.0,3.0
2015-08-02,59.0,1.0,2.0,3.0,2.0
2015-08-03,94.0,1.0,3.0,4.0,4.0
2015-08-04,93.0,1.0,3.0,4.0,5.0
2015-08-05,95.0,1.0,3.0,4.0,5.0
2015-08-06,90.0,1.0,3.0,4.0,5.0
2015-08-07,95.0,1.0,3.0,3.0,4.0
2015-08-08,73.0,1.0,2.0,3.0,2.0
2015-08-09,60.0,1.0,2.0,3.0,2.0
2015-08-10,90.0,1.0,3.0,4.0,5.0
2015-08-11,87.0,1.0,3.0,4.0,5.0
2015-08-12,88.0,1.0,3.0,4.0,5.0
2015-08-13,85.0,1.0,3.0,4.0,5.0
2015-08-14,92.0,1.0,3.0,3.0,4.0
2015-08-15,67.0,1.0,2.0,2.0,2.0
2015-08-16,56.0,1.0,2.0,3.0,2.0
2015-08-17,89.0,1.0,3.0,4.0,5.0
2015-08-18,89.0,1.0,3.0,4.0,5.0
2015-08-19,87.0,2.0,3.0,4.0,5.0
2015-08-20,86.0,2.0,3.0,4.0,5.0
2015-08-21,88.0,1.0,3.0,3.0,4.0
2015-08-22,69.0,1.0,2.0,3.0,2.0
2015-08-23,58.0,1.0,2.0,3.0,2.0
2015-08-24,86.0,2.0,3.0,4.0,5.0
2015-08-25,87.0,2.0,3.0,4.0,5.0
2015-08-26,84.0,1.0,3.0,4.0,5.0
2015-08-27,87.0,1.0,3.0,4.0,5.0
2015-08-28,87.0,1.0,3.0,3.0,4.0
2015-08-29,70.0,1.0,2.0,3.0,2.0
2015-08-30,58.0,1.0,2.0,3.0,3.0
2015-08-31,89.0,2.0,3.0,4.0,5.0
2015-09-01,93.0,2.0,3.0,4.0,6.0
2015-09-02,88.0,2.0,3.0,4.0,5.0
2015-09-03,88.0,2.0,3.0,4.0,5.0
2015-09-04,89.0,2.0,3.0,3.0,4.0
2015-09-05,69.0,1.0,2.0,3.0,2.0
2015-09-06,54.0,1.0,2.0,3.0,3.0
2015-09-07,71.0,2.0,3.0,4.0,4.0
2015-09-08,86.0,2.0,3.0,4.0,5.0
2015-09-09,87.0,2.0,3.0,4.0,5.0
2015-09-10,85.0,2.0,3.0,4.0,6.0
2015-09-11,86.0,2.0,3.0,4.0,5.0
2015-09-12,66.0,1.0,2.0,3.0,2.0
2015-09-13,55.0,1.0,2.0,3.0,3.0
2015-09-14,85.0,2.0,3.0,4.0,5.0
2015-09-15,88.0,2.0,3.0,4.0,6.0
2015-09-16,86.0,2.0,3.0,5.0,6.0
2015-09-17,80.0,2.0,3.0,4.0,5.0
2015-09-18,87.0,2.0,3.0,4.0,5.0
2015-09-19,67.0,1.0,2.0,3.0,3.0
2015-09-20,55.0,1.0,2.0,3.0,3.0
2015-09-21,82.0,2.0,3.0,4.0,5.0
2015-09-22,84.0,2.0,3.0,5.0,6.0
2015-09-23,83.0,2.0,3.0,4.0,5.0
2015-09-24,83.0,2.0,3.0,4.0,5.0
2015-09-25,88.0,2.0,3.0,4.0,5.0
2015-09-26,70.0,1.0,2.0,3.0,2.0
2015-09-27,56.0,1.0,2.0,3.0,3.0
2015-09-28,87.0,2.0,3.0,4.0,5.0
2015-09-29,88.0,2.0,3.0,5.0,6.0
2015-09-30,89.0,2.0,3.0,4.0,6.0
2015-10-01,97.0,2.0,3.0,4.0,5.0
2015-10-02,93.0,2.0,3.0,4.0,5.0
2015-10-03,73.0,1.0,2.0,3.0,3.0
2015-10-04,59.0,1.0,2.0,3.0,3.0
2015-10-05,92.0,2.0,3.0,4.0,6.0
2015-10-06,92.0,2.0,3.0,5.0,6.0
2015-10-07,90.0,2.0,3.0,5.0,6.0
2015-10-08,86.0,2.0,3.0,4.0,6.0
2015-10-09,88.0,2.0,3.0,4.0,5.0
2015-10-10,68.0,1.0,2.0,3.0,3.0
2015-10-11,56.0,1.0,2.0,3.0,3.0
2015-10-12,86.0,2.0,3.0,5.0,5.0
2015-10-13,89.0,2.0,3.0,5.0,6.0
2015-10-14,87.0,2.0,3.0,5.0,6.0
2015-10-15,92.0,2.0,3.0,5.0,6.0
2015-10-16,90.0,2.0,3.0,4.0,5.0
2015-10-17,69.0,1.0,2.0,3.0,3.0
2015-10-18,57.0,1.0,2.0,3.0,3.0
2015-10-19,86.0,2.0,3.0,5.0,6.0
2015-10-20,87.0,2.0,3.0,5.0,6.0
2015-10-21,84.0,2.0,3.0,5.0,6.0
2015-10-22,84.0,2.0,3.0,4.0,5.0
2015-10-23,86.0,2.0,3.0,4.0,5.0
2015-10-24,67.0,1.0,2.0,3.0,3.0
2015-10-25,55.0,1.0,2.0,3.0,3.0
2015-10-26,86.0,2.0,3.0,5.0,5.0
2015-10-27,87.0,2.0,3.0,5.0,6.0
2015-10-28,87.0,2.0,3.0,5.0,6.0
2015-10-29,85.0,2.0,3.0,5.0,6.0
2015-10-30,89.0,2.0,3.0,4.0,5.0
2015-10-31,68.0,1.0,2.0,3.0,3.0
2015-11-01,60.0,1.0,2.0,3.0,3.0
2015-11-02,98.0,2.0,3.0,5.0,6.0
2015-11-03,96.0,2.0,3.0,5.0,6.0
2015-11-04,91.0,2.0,3.0,5.0,6.0
2015-11-05,92.0,2.0,3.0,5.0,6.0
2015-11-06,93.0,2.0,3.0,4.0,5.0
2015-11-07,72.0,1.0,2.0,3.0,3.0
2015-11-08,58.0,1.0,2.0,3.0,3.0
2015-11-09,89.0,2.0,3.0,5.0,5.0
2015-11-10,88.0,2.0,3.0,5.0,5.0
2015-11-11,75.0,2.0,4.0,5.0,5.0
2015-11-12,86.0,2.0,3.0,4.0,5.0
2015-11-13,92.0,2.0,3.0,4.0,5.0
2015-11-14,66.0,1.0,2.0,3.0,2.0
2015-11-15,56.0,1.0,2.0,3.0,3.0
2015-11-16,85.0,2.0,3.0,5.0,6.0
2015-11-17,88.0,2.0,3.0,5.0,6.0
2015-11-18,82.0,2.0,3.0,5.0,5.0
2015-11-19,85.0,2.0,3.0,5.0,6.0
2015-11-20,87.0,2.0,3.0,4.0,5.0
2015-11-21,70.0,1.0,2.0,3.0,3.0
2015-11-22,54.0,1.0,2.0,3.0,3.0
2015-11-23,84.0,2.0,3.0,4.0,5.0
2015-11-24,85.0,2.0,3.0,4.0,5.0
2015-11-25,85.0,2.0,3.0,4.0,4.0
2015-11-26,67.0,2.0,3.0,4.0,4.0
2015-11-27,83.0,1.0,2.0,3.0,3.0
2015-11-28,73.0,1.0,2.0,3.0,2.0
2015-11-29,60.0,2.0,2.0,3.0,2.0
2015-11-30,96.0,2.0,3.0,5.0,5.0
2015-12-01,100.0,2.0,3.0,5.0,6.0
2015-12-02,93.0,2.0,3.0,5.0,5.0
2015-12-03,89.0,2.0,3.0,5.0,5.0
2015-12-04,94.0,2.0,3.0,4.0,5.0
2015-12-05,75.0,1.0,2.0,3.0,3.0
2015-12-06,59.0,2.0,2.0,3.0,3.0
2015-12-07,90.0,2.0,3.0,5.0,6.0
2015-12-08,94.0,2.0,3.0,5.0,6.0
2015-12-09,88.0,2.0,3.0,5.0,5.0
2015-12-10,86.0,2.0,3.0,5.0,5.0
2015-12-11,91.0,2.0,3.0,4.0,5.0
2015-12-12,73.0,1.0,2.0,3.0,3.0
2015-12-13,59.0,1.0,2.0,3.0,3.0
2015-12-14,89.0,2.0,3.0,4.0,5.0
2015-12-15,92.0,2.0,3.0,5.0,6.0
2015-12-16,92.0,2.0,3.0,5.0,5.0
2015-12-17,90.0,2.0,3.0,4.0,5.0
2015-12-18,91.0,2.0,3.0,3.0,5.0
2015-12-19,75.0,1.0,2.0,3.0,3.0
2015-12-20,60.0,1.0,2.0,3.0,2.0
2015-12-21,90.0,2.0,3.0,3.0,5.0
2015-12-22,92.0,1.0,3.0,4.0,4.0
2015-12-23,93.0,1.0,2.0,3.0,4.0
2015-12-24,78.0,1.0,2.0,3.0,2.0
2015-12-25,44.0,1.0,1.0,2.0,2.0
2015-12-26,65.0,1.0,2.0,2.0,2.0
2015-12-27,61.0,1.0,2.0,3.0,2.0
2015-12-28,89.0,1.0,2.0,3.0,4.0
2015-12-29,96.0,1.0,3.0,3.0,4.0
2015-12-30,96.0,1.0,2.0,3.0,4.0
2015-12-31,100.0,1.0,2.0,3.0,4.0
2016-01-01,66.0,1.0,2.0,3.0,2.0
2016-01-02,81.0,1.0,2.0,3.0,2.0
2016-01-03,63.0,1.0,2.0,3.0,2.0
2016-01-04,99.0,2.0,3.0,4.0,5.0
2016-01-05,100.0,2.0,3.0,4.0,5.0
2016-01-06,92.0,2.0,3.0,4.0,5.0
2016-01-07,90.0,2.0,3.0,4.0,5.0
2016-01-08,93.0,2.0,3.0,4.0,5.0
2016-01-09,72.0,1.0,2.0,3.0,3.0
2016-01-10,59.0,1.0,2.0,3.0,2.0
2016-01-11,84.0,2.0,3.0,4.0,6.0
2016-01-12,87.0,2.0,3.0,4.0,6.0
2016-01-13,86.0,2.0,3.0,4.0,5.0
2016-01-14,83.0,2.0,3.0,4.0,6.0
2016-01-15,89.0,2.0,3.0,4.0,5.0
2016-01-16,70.0,1.0,2.0,3.0,3.0
2016-01-17,56.0,1.0,2.0,3.0,3.0
2016-01-18,80.0,2.0,3.0,4.0,5.0
2016-01-19,88.0,2.0,3.0,5.0,6.0
2016-01-20,85.0,2.0,3.0,4.0,6.0
2016-01-21,83.0,2.0,3.0,4.0,6.0
2016-01-22,86.0,2.0,3.0,4.0,5.0
2016-01-23,69.0,1.0,2.0,3.0,3.0
2016-01-24,55.0,1.0,2.0,3.0,3.0
2016-01-25,81.0,2.0,3.0,4.0,6.0
2016-01-26,87.0,2.0,3.0,4.0,6.0
2016-01-27,87.0,2.0,3.0,5.0,6.0
2016-01-28,87.0,2.0,3.0,5.0,7.0
2016-01-29,89.0,2.0,3.0,4.0,6.0
2016-01-30,75.0,1.0,2.0,3.0,4.0
2016-01-31,62.0,1.0,2.0,3.0,4.0
2016-02-01,90.0,2.0,3.0,4.0,6.0
2016-02-02,92.0,2.0,3.0,5.0,6.0
2016-02-03,88.0,2.0,3.0,5.0,6.0
2016-02-04,87.0,2.0,3.0,5.0,6.0
2016-02-05,89.0,2.0,3.0,4.0,6.0
2016-02-06,73.0,1.0,2.0,3.0,4.0
2016-02-07,55.0,1.0,2.0,3.0,3.0
2016-02-08,85.0,2.0,3.0,4.0,6.0
2016-02-09,89.0,2.0,3.0,5.0,7.0
2016-02-10,91.0,2.0,3.0,5.0,7.0
2016-02-11,86.0,2.0,3.0,4.0,6.0
2016-02-12,89.0,2.0,3.0,4.0,6.0
2016-02-13,70.0,1.0,2.0,3.0,3.0
2016-02-14,54.0,1.0,2.0,3.0,3.0
2016-02-15,80.0,2.0,3.0,4.0,6.0
2016-02-16,85.0,2.0,3.0,4.0,7.0
2016-02-17,85.0,2.0,3.0,5.0,7.0
2016-02-18,84.0,2.0,3.0,4.0,7.0
2016-02-19,85.0,2.0,3.0,4.0,6.0
2016-02-20,70.0,1.0,2.0,3.0,3.0
2016-02-21,57.0,1.0,2.0,3.0,3.0
2016-02-22,83.0,2.0,3.0,4.0,7.0
2016-02-23,81.0,2.0,3.0,4.0,7.0
2016-02-24,81.0,2.0,3.0,5.0,7.0
2016-02-25,85.0,2.0,3.0,5.0,7.0
2016-02-26,87.0,2.0,3.0,4.0,6.0
2016-02-27,71.0,1.0,2.0,3.0,4.0
2016-02-28,56.0,2.0,2.0,3.0,4.0
2016-02-29,87.0,2.0,3.0,4.0,7.0
2016-03-01,92.0,2.0,3.0,4.0,7.0
2016-03-02,87.0,2.0,3.0,4.0,7.0
2016-03-03,86.0,2.0,3.0,4.0,7.0
2016-03-04,88.0,2.0,3.0,4.0,6.0
2016-03-05,71.0,1.0,2.0,3.0,4.0
2016-03-06,57.0,2.0,2.0,3.0,3.0
2016-03-07,85.0,2.0,3.0,4.0,7.0
2016-03-08,83.0,2.0,3.0,4.0,7.0
2016-03-09,85.0,2.0,3.0,4.0,6.0
2016-03-10,82.0,2.0,3.0,4.0,7.0
2016-03-11,87.0,2.0,3.0,4.0,6.0
2016-03-12,69.0,1.0,2.0,3.0,3.0
2016-03-13,55.0,1.0,2.0,3.0,3.0
2016-03-14,83.0,2.0,3.0,4.0,7.0
2016-03-15,86.0,2.0,3.0,4.0,7.0
2016-03-16,83.0,2.0,3.0,4.0,6.0
2016-03-17,82.0,2.0,3.0,4.0,6.0
2016-03-18,83.0,2.0,3.0,4.0,6.0
2016-03-19,66.0,1.0,2.0,3.0,3.0
2016-03-20,55.0,1.0,2.0,3.0,3.0
2016-03-21,84.0,2.0,3.0,4.0,7.0
2016-03-22,84.0,2.0,3.0,4.0,7.0
2016-03-23,82.0,2.0,3.0,4.0,6.0
2016-03-24,85.0,2.0,3.0,4.0,6.0
2016-03-25,89.0,1.0,2.0,3.0,4.0
2016-03-26,69.0,1.0,2.0,2.0,3.0
2016-03-27,49.0,1.0,2.0,3.0,3.0
2016-03-28,79.0,2.0,3.0,4.0,5.0
2016-03-29,91.0,2.0,3.0,4.0,7.0
2016-03-30,87.0,2.0,3.0,4.0,6.0
2016-03-31,87.0,2.0,3.0,4.0,7.0
2016-04-01,100.0,2.0,3.0,4.0,6.0
2016-04-02,79.0,1.0,2.0,3.0,4.0
2016-04-03,63.0,2.0,2.0,3.0,4.0
2016-04-04,97.0,2.0,3.0,4.0,7.0
2016-04-05,99.0,2.0,3.0,5.0,8.0
2016-04-06,92.0,2.0,3.0,5.0,7.0
2016-04-07,91.0,2.0,3.0,5.0,7.0
2016-04-08,88.0,2.0,3.0,4.0,6.0
2016-04-09,74.0,1.0,2.0,3.0,4.0
2016-04-10,60.0,2.0,2.0,3.0,4.0
2016-04-11,93.0,2.0,3.0,4.0,8.0
2016-04-12,94.0,2.0,3.0,5.0,8.0
2016-04-13,89.0,2.0,3.0,4.0,8.0
2016-04-14,88.0,2.0,3.0,5.0,8.0
2016-04-15,97.0,2.0,3.0,4.0,8.0
2016-04-16,73.0,1.0,2.0,3.0,5.0
2016-04-17,59.0,1.0,2.0,4.0,4.0
2016-04-18,92.0,2.0,3.0,5.0,9.0
2016-04-19,90.0,2.0,4.0,5.0,8.0
2016-04-20,88.0,2.0,3.0,5.0,7.0
2016-04-21,86.0,2.0,3.0,5.0,6.0
2016-04-22,88.0,2.0,3.0,4.0,6.0
2016-04-23,70.0,1.0,2.0,3.0,3.0
2016-04-24,56.0,2.0,2.0,3.0,4.0
2016-04-25,87.0,2.0,3.0,5.0,7.0
2016-04-26,89.0,2.0,3.0,5.0,7.0
2016-04-27,87.0,2.0,4.0,5.0,7.0
2016-04-28,94.0,2.0,3.0,5.0,7.0
2016-04-29,94.0,2.0,3.0,4.0,7.0
2016-04-30,79.0,1.0,2.0,3.0,3.0
2016-05-01,65.0,2.0,2.0,3.0,3.0
2016-05-02,95.0,2.0,3.0,4.0,7.0
2016-05-03,95.0,2.0,3.0,5.0,7.0
2016-05-04,93.0,2.0,3.0,5.0,6.0
2016-05-05,86.0,2.0,3.0,4.0,6.0
2016-05-06,95.0,2.0,3.0,4.0,6.0
2016-05-07,73.0,1.0,2.0,3.0,3.0
2016-05-08,56.0,1.0,2.0,3.0,3.0
2016-05-09,94.0,2.0,3.0,5.0,7.0
2016-05-10,92.0,2.0,3.0,5.0,7.0
2016-05-11,92.0,2.0,3.0,5.0,6.0
2016-05-12,89.0,2.0,3.0,4.0,6.0
2016-05-13,91.0,2.0,3.0,4.0,6.0
2016-05-14,70.0,1.0,2.0,3.0,3.0
2016-05-15,57.0,2.0,2.0,3.0,3.0
2016-05-16,82.0,2.0,3.0,4.0,6.0
2016-05-17,92.0,2.0,3.0,4.0,6.0
2016-05-18,87.0,2.0,3.0,4.0,6.0
2016-05-19,85.0,2.0,3.0,4.0,6.0
2016-05-20,88.0,2.0,3.0,4.0,5.0
2016-05-21,70.0,1.0,2.0,3.0,3.0
2016-05-22,59.0,2.0,2.0,3.0,3.0
2016-05-23,84.0,2.0,3.0,4.0,5.0
2016-05-24,88.0,2.0,3.0,4.0,6.0
2016-05-25,86.0,2.0,3.0,4.0,6.0
2016-05-26,90.0,2.0,3.0,4.0,6.0
2016-05-27,91.0,2.0,3.0,4.0,5.0
2016-05-28,70.0,1.0,2.0,3.0,3.0
2016-05-29,54.0,1.0,2.0,3.0,2.0
2016-05-30,71.0,1.0,3.0,3.0,4.0
2016-05-31,98.0,2.0,3.0,4.0,6.0
2016-06-01,95.0,2.0,3.0,4.0,5.0
2016-06-02,92.0,2.0,3.0,4.0,6.0
2016-06-03,94.0,2.0,3.0,3.0,5.0
2016-06-04,75.0,1.0,2.0,3.0,3.0
2016-06-05,63.0,1.0,2.0,3.0,3.0
2016-06-06,88.0,2.0,3.0,4.0,6.0
2016-06-07,90.0,2.0,3.0,4.0,6.0
2016-06-08,89.0,2.0,3.0,4.0,6.0
2016-06-09,86.0,2.0,3.0,4.0,5.0
2016-06-10,90.0,1.0,3.0,3.0,5.0
2016-06-11,69.0,1.0,2.0,3.0,3.0
2016-06-12,54.0,1.0,2.0,3.0,2.0
2016-06-13,84.0,2.0,3.0,4.0,6.0
2016-06-14,89.0,2.0,3.0,4.0,6.0
2016-06-15,88.0,2.0,3.0,4.0,6.0
2016-06-16,85.0,1.0,3.0,4.0,6.0
2016-06-17,86.0,1.0,3.0,3.0,5.0
2016-06-18,68.0,1.0,2.0,3.0,3.0
2016-06-19,52.0,1.0,2.0,3.0,3.0
2016-06-20,86.0,2.0,3.0,4.0,6.0
2016-06-21,90.0,2.0,3.0,4.0,6.0
2016-06-22,87.0,2.0,3.0,4.0,6.0
2016-06-23,83.0,1.0,3.0,4.0,5.0
2016-06-24,88.0,2.0,3.0,3.0,5.0
2016-06-25,69.0,1.0,2.0,3.0,3.0
2016-06-26,56.0,1.0,2.0,3.0,2.0
2016-06-27,92.0,1.0,3.0,3.0,5.0
2016-06-28,92.0,1.0,3.0,4.0,6.0
2016-06-29,92.0,1.0,3.0,4.0,6.0
2016-06-30,95.0,1.0,3.0,3.0,5.0
2016-07-01,100.0,1.0,2.0,3.0,4.0
2016-07-02,77.0,1.0,2.0,2.0,2.0
2016-07-03,56.0,1.0,2.0,3.0,2.0
2016-07-04,73.0,1.0,2.0,3.0,4.0
2016-07-05,98.0,1.0,3.0,3.0,7.0
2016-07-06,96.0,1.0,3.0,3.0,6.0
2016-07-07,96.0,1.0,3.0,4.0,5.0
2016-07-08,95.0,1.0,2.0,3.0,5.0
2016-07-09,73.0,1.0,2.0,2.0,3.0
2016-07-10,58.0,1.0,2.0,3.0,2.0
2016-07-11,89.0,1.0,3.0,4.0,6.0
2016-07-12,91.0,1.0,3.0,4.0,6.0
2016-07-13,89.0,2.0,3.0,4.0,5.0
2016-07-14,84.0,2.0,3.0,4.0,6.0
2016-07-15,90.0,1.0,2.0,3.0,5.0
2016-07-16,71.0,1.0,2.0,3.0,3.0
2016-07-17,60.0,1.0,2.0,3.0,3.0
2016-07-18,90.0,2.0,3.0,4.0,6.0
2016-07-19,90.0,1.0,3.0,4.0,6.0
2016-07-20,90.0,2.0,3.0,4.0,6.0
2016-07-21,90.0,1.0,3.0,4.0,6.0
2016-07-22,91.0,1.0,2.0,3.0,5.0
2016-07-23,71.0,1.0,2.0,3.0,3.0
2016-07-24,59.0,1.0,2.0,3.0,3.0
2016-07-25,89.0,1.0,3.0,4.0,5.0
2016-07-26,90.0,1.0,3.0,4.0,5.0
2016-07-27,92.0,2.0,3.0,4.0,6.0
2016-07-28,90.0,2.0,3.0,4.0,5.0
2016-07-29,93.0,1.0,2.0,4.0,5.0
2016-07-30,75.0,1.0,2.0,3.0,3.0
2016-07-31,63.0,1.0,2.0,3.0,2.0
2016-08-01,96.0,2.0,3.0,4.0,5.0
2016-08-02,93.0,2.0,3.0,4.0,5.0
2016-08-03,93.0,2.0,3.0,4.0,5.0
2016-08-04,90.0,2.0,3.0,4.0,5.0
2016-08-05,95.0,1.0,2.0,3.0,5.0
2016-08-06,73.0,1.0,2.0,2.0,3.0
2016-08-07,58.0,1.0,2.0,3.0,2.0
2016-08-08,88.0,1.0,3.0,4.0,5.0
2016-08-09,89.0,1.0,3.0,4.0,5.0
2016-08-10,89.0,2.0,3.0,4.0,5.0
2016-08-11,91.0,1.0,3.0,4.0,5.0
2016-08-12,90.0,1.0,2.0,3.0,5.0
2016-08-13,71.0,1.0,2.0,3.0,2.0
2016-08-14,57.0,1.0,2.0,3.0,2.0
2016-08-15,85.0,2.0,3.0,4.0,5.0
2016-08-16,89.0,2.0,3.0,4.0,5.0
2016-08-17,90.0,2.0,3.0,4.0,5.0
2016-08-18,87.0,2.0,3.0,4.0,5.0
2016-08-19,90.0,2.0,3.0,4.0,5.0
2016-08-20,72.0,1.0,2.0,3.0,2.0
2016-08-21,58.0,1.0,2.0,3.0,2.0
2016-08-22,88.0,2.0,3.0,4.0,5.0
2016-08-23,87.0,2.0,3.0,4.0,5.0
2016-08-24,86.0,2.0,3.0,4.0,5.0
2016-08-25,88.0,2.0,3.0,4.0,5.0
2016-08-26,90.0,1.0,3.0,4.0,5.0
2016-08-27,72.0,1.0,2.0,3.0,3.0
2016-08-28,59.0,1.0,2.0,3.0,3.0
2016-08-29,86.0,2.0,3.0,4.0,5.0
2016-08-30,92.0,2.0,3.0,4.0,6.0
2016-08-31,90.0,2.0,3.0,4.0,6.0
2016-09-01,96.0,2.0,3.0,4.0,5.0
2016-09-02,97.0,1.0,3.0,4.0,5.0
2016-09-03,74.0,1.0,2.0,3.0,3.0
2016-09-04,59.0,1.0,2.0,3.0,2.0
2016-09-05,75.0,1.0,2.0,3.0,4.0
2016-09-06,95.0,2.0,3.0,5.0,5.0
2016-09-07,93.0,2.0,3.0,5.0,6.0
2016-09-08,89.0,2.0,3.0,5.0,5.0
2016-09-09,92.0,2.0,3.0,4.0,5.0
2016-09-10,74.0,1.0,2.0,3.0,3.0
2016-09-11,56.0,1.0,2.0,3.0,3.0
2016-09-12,89.0,2.0,3.0,4.0,6.0
2016-09-13,87.0,2.0,3.0,5.0,6.0
2016-09-14,86.0,2.0,3.0,5.0,6.0
2016-09-15,91.0,2.0,3.0,4.0,6.0
2016-09-16,90.0,2.0,3.0,4.0,5.0
2016-09-17,69.0,1.0,2.0,3.0,3.0
2016-09-18,56.0,1.0,2.0,3.0,3.0
2016-09-19,86.0,2.0,3.0,5.0,6.0
2016-09-20,88.0,2.0,3.0,5.0,6.0
2016-09-21,84.0,2.0,3.0,5.0,6.0
2016-09-22,81.0,2.0,3.0,4.0,6.0
2016-09-23,87.0,2.0,3.0,4.0,5.0
2016-09-24,68.0,1.0,2.0,3.0,3.0
2016-09-25,56.0,2.0,2.0,3.0,3.0
2016-09-26,85.0,2.0,3.0,4.0,6.0
2016-09-27,87.0,2.0,3.0,5.0,6.0
2016-09-28,88.0,2.0,3.0,5.0,6.0
2016-09-29,87.0,2.0,3.0,5.0,6.0
2016-09-30,98.0,2.0,3.0,4.0,5.0
2016-10-01,81.0,1.0,2.0,3.0,3.0
2016-10-02,65.0,1.0,2.0,3.0,3.0
2016-10-03,96.0,2.0,3.0,5.0,6.0
2016-10-04,96.0,2.0,3.0,5.0,6.0
2016-10-05,92.0,2.0,3.0,5.0,6.0
2016-10-06,89.0,2.0,3.0,5.0,6.0
2016-10-07,92.0,2.0,3.0,4.0,5.0
2016-10-08,73.0,1.0,2.0,3.0,3.0
2016-10-09,58.0,2.0,2.0,3.0,3.0
2016-10-10,87.0,2.0,3.0,4.0,5.0
2016-10-11,92.0,2.0,3.0,5.0,6.0
2016-10-12,93.0,2.0,3.0,5.0,6.0
2016-10-13,88.0,2.0,3.0,5.0,6.0
2016-10-14,93.0,2.0,3.0,4.0,5.0
2016-10-15,71.0,1.0,2.0,3.0,3.0
2016-10-16,58.0,2.0,2.0,3.0,3.0
2016-10-17,88.0,2.0,3.0,5.0,6.0
2016-10-18,91.0,3.0,3.0,5.0,6.0
2016-10-19,87.0,2.0,3.0,5.0,6.0
2016-10-20,85.0,2.0,3.0,5.0,6.0
2016-10-21,88.0,2.0,3.0,4.0,5.0
2016-10-22,68.0,1.0,2.0,3.0,3.0
2016-10-23,55.0,1.0,2.0,3.0,3.0
2016-10-24,85.0,2.0,3.0,5.0,6.0
2016-10-25,86.0,2.0,3.0,5.0,6.0
2016-10-26,87.0,2.0,3.0,5.0,6.0
2016-10-27,84.0,2.0,3.0,5.0,6.0
2016-10-28,88.0,2.0,3.0,4.0,5.0
2016-10-29,68.0,1.0,2.0,3.0,3.0
2016-10-30,55.0,1.0,2.0,3.0,3.0
2016-10-31,84.0,2.0,3.0,5.0,5.0
2016-11-01,85.0,2.0,3.0,5.0,6.0
2016-11-02,93.0,2.0,3.0,5.0,6.0
2016-11-03,91.0,2.0,3.0,5.0,6.0
2016-11-04,94.0,2.0,3.0,4.0,5.0
2016-11-05,73.0,1.0,2.0,3.0,3.0
2016-11-06,57.0,2.0,2.0,3.0,3.0
2016-11-07,86.0,2.0,3.0,5.0,6.0
2016-11-08,85.0,2.0,3.0,5.0,5.0
2016-11-09,74.0,2.0,3.0,4.0,5.0
2016-11-10,88.0,2.0,3.0,5.0,6.0
2016-11-11,76.0,2.0,3.0,4.0,4.0
2016-11-12,72.0,2.0,2.0,3.0,3.0
2016-11-13,57.0,2.0,2.0,3.0,3.0
2016-11-14,87.0,2.0,3.0,5.0,6.0
2016-11-15,94.0,3.0,3.0,5.0,6.0
2016-11-16,89.0,2.0,3.0,5.0,6.0
2016-11-17,89.0,2.0,3.0,5.0,6.0
2016-11-18,86.0,2.0,3.0,4.0,5.0
2016-11-19,69.0,2.0,2.0,3.0,3.0
2016-11-20,56.0,2.0,2.0,3.0,3.0
2016-11-21,86.0,2.0,3.0,5.0,6.0
2016-11-22,85.0,2.0,3.0,5.0,6.0
2016-11-23,85.0,2.0,3.0,4.0,5.0
2016-11-24,64.0,2.0,2.0,3.0,4.0
2016-11-25,84.0,1.0,2.0,3.0,4.0
2016-11-26,70.0,1.0,2.0,3.0,2.0
2016-11-27,60.0,2.0,2.0,3.0,3.0
2016-11-28,94.0,2.0,3.0,4.0,6.0
2016-11-29,90.0,2.0,3.0,5.0,6.0
2016-11-30,92.0,2.0,3.0,5.0,6.0
2016-12-01,96.0,2.0,3.0,5.0,5.0
2016-12-02,100.0,2.0,3.0,4.0,5.0
2016-12-03,78.0,2.0,2.0,3.0,3.0
2016-12-04,63.0,2.0,2.0,3.0,3.0
2016-12-05,93.0,2.0,3.0,4.0,6.0
2016-12-06,96.0,2.0,4.0,5.0,6.0
2016-12-07,92.0,2.0,4.0,5.0,6.0
2016-12-08,92.0,2.0,3.0,4.0,6.0
2016-12-09,94.0,2.0,3.0,4.0,5.0
2016-12-10,72.0,1.0,2.0,3.0,3.0
2016-12-11,60.0,2.0,2.0,3.0,3.0
2016-12-12,89.0,2.0,3.0,4.0,6.0
2016-12-13,89.0,2.0,3.0,5.0,6.0
2016-12-14,88.0,2.0,3.0,4.0,6.0
2016-12-15,94.0,2.0,3.0,4.0,5.0
2016-12-16,95.0,2.0,3.0,4.0,5.0
2016-12-17,75.0,1.0,2.0,3.0,2.0
2016-12-18,61.0,1.0,2.0,3.0,2.0
2016-12-19,90.0,2.0,3.0,4.0,5.0
2016-12-20,93.0,2.0,3.0,4.0,5.0
2016-12-21,93.0,2.0,3.0,4.0,5.0
2016-12-22,90.0,1.0,3.0,3.0,4.0
2016-12-23,89.0,1.0,2.0,3.0,3.0
2016-12-24,61.0,1.0,1.0,2.0,2.0
2016-12-25,39.0,1.0,1.0,2.0,2.0
2016-12-26,73.0,1.0,2.0,2.0,3.0
2016-12-27,89.0,1.0,2.0,3.0,3.0
2016-12-28,92.0,1.0,2.0,3.0,4.0
2016-12-29,91.0,1.0,2.0,3.0,4.0
2016-12-30,99.0,1.0,2.0,3.0,4.0
2016-12-31,72.0,1.0,2.0,2.0,2.0
